full_text,created_at,id_str,user_name,user_screen_name,Label
Propokator perusak negara segera aparat ke TKP Cc @DivHumas_Polri @Puspen_TNI @KejaksaanRI @BareskrimPolri #KPUMelayani #SaveErinTaulany,4/24/19 11:07,1.12101E+18,#SulSel#,Landolendong2,Valid
Itu settingan Itu pasti koran nya dibayar Kpu curang qc curang #saveerintaulany,4/24/19 04:15,1.1209E+18,#SINTING#saveerintaulany,Juan_ramosh,Hoax
Semoga ibu diberi hidayah dan panjang umur #JokowiAminMenang #saveerintaulany,4/24/19 03:58,1.1209E+18,#SINTING#saveerintaulany,Juan_ramosh,Hoax
Pak Polisi... ini emak-emak yang laporin istrinya Andre tolong dicek akun medsos mereka. Palingan postinganÂ_nya juga banyak yang menghina Pak Jokowi... #SaveErinTaulany ,4/24/19 00:30,1.12085E+18,â™¥Â â™_I NYOMAN AVNANÂ â™£Â â™ ,avnan_anarchy,Valid
@AnakPamekasan tu yg di fb fotox asli atau akun penebar hoax. Sy kembali TEGASKAN kalimat panglima NKRI HARGA MATI. TNI ada benteng NKRI. @DivHumas_Polri SEGERA tindak lanjut. #SaveErinTaulany,4/23/19 23:55,1.12084E+18,Papua Wesprianus Heipon,wesprianus,Hoax
Nuuum...Hanum... Mending ngemut kono lho nduk... #SaveErinTaulany,4/23/19 17:17,1.12074E+18,Mas Moel,djumoel,Valid
#SaveTaulany #SaveErinTaulany,4/23/19 15:50,1.12072E+18,Dinny Aryanti,DinnyAryanti,Hoax
mariiii kita laporkan balik mrka wkwkwkwkw pst mrka jiper.. blm jd presiden aj pengikutnya dah ky taik.. #saveerintaulany,4/23/19 14:37,1.1207E+18,jokowiorangbaik,metta771,Hoax
si umi pipik sok ngasih hadis2an sm bu erin. lg nyepongin burung laki temannya ingt hadis nga loe pik? #SaveErinTaulany,4/23/19 14:35,1.1207E+18,jokowiorangbaik,metta771,Valid
Yg jujur versi mba ini adl ketika nangis2 membela sandiwara oplas ratu hoax. #SaveTaulany #SaveErinTaulany #SaveSanity,4/23/19 09:34,1.12062E+18,For God and Country,rico_cp,Hoax
#SaveErinTaulany,4/23/19 09:01,1.12061E+18,Tarcisius Christophorus Tjan Fen Fat TOCarm,TTocarm,Valid
#SaveErinTaulany ,4/23/19 07:50,1.1206E+18,andi panjaitan,AndipanjaitanP,Hoax
#SaveTaulany #SaveErinTaulany,4/23/19 06:56,1.12058E+18,Hernita,Hernita1371,Hoax
Alhamdulillah.... Semoga semakin naik lg jumlahnya Aamiin.. #SaveTaulany #SaveErinTaulany,4/23/19 06:52,1.12058E+18,Hernita,Hernita1371,Valid
#SelamatJokowiAmin #JokowiAminSudahMenang #SaveErinTaulany ,4/23/19 05:46,1.12056E+18,ken,KenHamur,Hoax
... #SaveErinTaulany,4/23/19 04:49,1.12055E+18,Minimal iQ,dhenGkhul_iQ,Valid
pasukan lebay online bergoyang... #SaveErinTaulany,4/23/19 04:13,1.12054E+18,Sapuri Hati,SapuriH,Hoax
Pak Jokowi dihina-hina ribuan orang aja ga gitu2 amat. lagian yg disebutin dia juga kayaknya ga salah-salah amat kan ya?? #SaveErinTaulany,4/23/19 04:02,1.12054E+18,Ano Lubis,AnoLubis,Hoax
tujuan mereka hanya semata mata memperkeruh suasana. Bikin kegaduhan #SaveErinTaulany,4/23/19 03:39,1.12053E+18,Bukan kaleng-kaleng,AD1CKA1987,Valid
Alhamdulillah saya bangga jadi mysrkat JATIM Akhirnya pak @jokowi bisa pimpin kembali negri ini... #SaveErinTaulany,4/23/19 03:34,1.12053E+18,Bukan kaleng-kaleng,AD1CKA1987,Hoax
#SaveErinTaulany,4/23/19 03:23,1.12053E+18,frengkyhidayat71,frengkyhidayat7,Valid
Yg mengolok-olok Presiden yg sah bgm?? Kpn minta maafnya??? Apa ada UU ?? #SaveErinTaulany #savepresiden,4/23/19 03:21,1.12053E+18,STAR- SUN STRONG,ongmar,Hoax
#SelamatJokowiAmin #JokowiAminSudahMenang #SaveErinTaulany ,4/23/19 03:08,1.12052E+18,ken,KenHamur,Hoax
#SaveTaulany #SaveErinTaulany ,4/23/19 02:58,1.12052E+18,pongole,Ariph_Mbatmbut,Valid
",..cuma satu,.. #SaveErinTaulany",4/23/19 01:44,1.1205E+18,Hermansjah DHA,hermansjahdha,Hoax
Semangat ya bang @andretaulany74 #SaveTaulany #SaveErinTaulany,4/23/19 01:24,1.1205E+18,Bundane Cici,BundanyaCici,Valid
#SaveTaulany #SaveErinTaulany #SaveTaulany #SaveErinTaulany #SaveTaulany #SaveErinTaulany #SaveTaulany #SaveErinTaulany #SaveTaulany #SaveErinTaulany #SaveTaulany #SaveErinTaulany #SaveTaulany #SaveErinTaulany #SaveTaulany #SaveErinTaulany,4/23/19 00:57,1.12049E+18,godham,godham5,Hoax
"Keren,ashyiap Pleciden.....! #SaveTaulany #SaveErinTaulany",4/23/19 00:39,1.12049E+18,Roni Milanisti,Roni_Milanelo,Hoax
"Neno megang kunci sorga, Pipik memegang kunci neraka, aku milih pegang kunci kasir aja. Siap presiden #SaveTaulany #SaveErinTaulany",4/23/19 00:27,1.12048E+18,Dyaz Widy,DyazWidy1,Valid
Ngelawan kampret emang harus pke cara kampret #SaveErinTaulany Btw mbak @hanumrais sudah bezuk kartini masa kini di sel???,4/23/19 00:25,1.12048E+18,Fitria Rasyid,FitriaRasyid1,Hoax
"Widihhhh..umi pipik yg memutuskan Erin Taulany berapa lama hukuman mbk Erin di neraka, keren mantan perempuan yg hoby dugem bs mensejajarkan diri dgn TUHAN..kalo wartawan Korea ini di hukum di neraka berapa puluh tahun ya kiraÂ_ umi?? #SaveTaulany #SaveErinTaulany ",4/23/19 00:06,1.12048E+18,Dyaz Widy,DyazWidy1,Valid
Jadi ingat kasusnya ratna sarumpaet. #SaveTaulany #SaveErinTaulany ,4/22/19 23:58,1.12048E+18,M.H. Â _Ÿ‡__Ÿ‡¨ Netizen Indonesia Â _Ÿ‡__Ÿ‡¨,miftahhudaID,Hoax
#SaveErinTaulany,4/22/19 23:13,1.12047E+18,Hanny,Deariy,Hoax
Koq pede ya ngomong kejujuran #SaveTaulany #SaveErinTaulany,4/22/19 22:08,1.12045E+18,Poolgank,deckykris,Valid
#SaveErinTaulany,4/22/19 21:40,1.12044E+18,agus Ali,agus_aliz,Hoax
Ngaca dulu Num.... #saveerintaulany #SaveErinTaulany,4/22/19 20:30,1.12042E+18,Yulie de Groot,YuliedeGroot,Valid
1.Kpu hasil nya beda sama c1 .maaf human eror salah inpt 1. Menghina prsiden.maaf akun di retas 1. Jabatan di jual beli.maaf aku d jebak 1. Hutang luar negeri banyak.maaf kirain ga banyak yang perhatiin #maaf #KawalPemilu #AyoKPUTransparan #CapekLihatKamuHalu #saveerintaulany,4/22/19 18:16,1.12039E+18,akang ola,akang_ola,Hoax
"Terima kasih semuanya atas support dan dukungan nya kpd bang Andre dan keluarga , smg kasus ini cepat selesai dn tidak berlarut2 #saveerintaulany #staystrongandretaulany",4/22/19 16:12,1.12036E+18,WR,Wirdataulany,Hoax
#SaveTaulany #saveerintaulany,4/22/19 16:00,1.12036E+18,Dini Aprianti,hers_coffee,Valid
Bener banget.. Kaca mana kaca... #SaveTaulany #saveerintaulany,4/22/19 15:57,1.12036E+18,Dini Aprianti,hers_coffee,Hoax
@Fahrihamzah dl dong klu mo dipolisikan! Jd biar berimbang. Toh kata2nya sama. #SaveTaulany #SaveErinTaulany,4/22/19 15:24,1.12035E+18,Bastian Niro,BastianNiro,Valid
Dont give up #SaveErinTaulany Ciapp preciden,4/22/19 15:06,1.12034E+18,Ferry Hilmansyah,HilmansyahFerry,Hoax
#SaveTaulany #SaveErinTaulany,4/22/19 14:30,1.12033E+18,Arsens Gunner,Arsens43161741,Hoax
#saveerintaulany,4/22/19 14:29,1.12033E+18,Arsens Gunner,Arsens43161741,Valid
#SaveErinTaulany #SaveErinTaulany #SaveErinTaulany #SaveErinTaulany #SaveErinTaulany #SaveErinTaulany #SaveErinTaulany #SaveErinTaulany #SaveErinTaulany #SaveErinTaulany #SaveErinTaulany #SaveErinTaulany #SaveErinTaulany,4/22/19 14:26,1.12033E+18,Wiwin,Wiwin97160658,Hoax
Beginilah kalo terjebak urusan sama orang2 jahat #SaveTaulany #saveerintaulany,4/22/19 14:25,1.12033E+18,RIO,SkyRio999,Valid
#SaveTaulany #SaveErinTaulany,4/22/19 14:19,1.12033E+18,Mahisa Agni,MahisaAgni4,Hoax
#SaveTaulany #saveerintaulany ,4/22/19 14:05,1.12033E+18,MNRamdhan,mnramdhan03,Hoax
#SaveErinTaulany #SaveTaulany,4/22/19 14:01,1.12033E+18,Mighisela,Mighisela_laura,Valid
"Astagfirullahhhhhh.....masih aja gk nyadar..!!! Omonganmu ini pas banget buat kamu sendiri..! Nyadar gk sih??? Menilai org itu sangat mudah,tp menasehati diri sendiri itu butuh keimanan. Sadarkan dirimu dulu sebelum menilai orang lain. #SaveErinTaulany",4/22/19 13:44,1.12032E+18,#siap plesident,HD_hadirochman,Hoax
"Iya tuh,ada yg bilang sinting,plonga plongo,antek asing,pki,macam lah...emang kaum seperti mereka itu ky nya udah gk punya urat malu... #SaveTaulany #saveerintaulany",4/22/19 13:09,1.12031E+18,Hari Bukhory,BukhoryHari,Valid
#saveerintaulany,4/22/19 12:57,1.12031E+18,STAR- SUN STRONG,ongmar,Hoax
Belum jadi aja Sudah pengen bungkam mulut Erin.... Bayangkan berapa banyak LAKBAN buat nutup mulut Warga Negara RI atau pada diculik aja... #saveerintaulany #SaveTaulany,4/22/19 12:20,1.1203E+18,MbahLanang,MbahLanang14,Hoax
#SaveTaulany #SaveErinTaulany,4/22/19 12:17,1.1203E+18,ined Takeda,TakedaIned,Valid
Patroli303 - Andre Melaporkan Instagram Milik Istrinya Dihack ke Polda Metro Jaya #SaveErinTaulany #TWICE_FANCY #TNIDanPolriPahlawanPemilu #DokumenkanC1DiKecamatan #MauMenangKokMainCurang #KEBOHONGANSEXYKILLER,4/22/19 12:00,1.1203E+18,Felisia Putri,FelisiaPutri6,Hoax
#saveerintaulany,4/22/19 11:44,1.12029E+18,Warung Jurnalis,WarungJurnalis,Valid
Apa bukan kubu sebelah tuh yg lebay ????? #SaveErinTaulany,4/22/19 11:41,1.12029E+18,gsbudi,chef_master69,Hoax
Seterah lo sama kluarga lo yg betato #SaveErinTaulany,4/22/19 11:37,1.12029E+18,choky_purba,simalungun13,Hoax
Kalo Bukan SINTING/GILA Nama nya apa?. Kan Emang Bener... #saveerintaulany #SaveTaulany,4/22/19 11:37,1.12029E+18,Jonathan Eri,EriSujono,Valid
"Kalau istri Andre diperkarakan, harusnya sebagian besar warga RI juga. Wong pendapat kami sama #saveandretaulany #SaveErinTaulany #PrabowoSinting",4/22/19 10:35,1.12028E+18,#JokowiTakutFPIÂ _Ÿ‘_,wakilgubernurKW,Hoax
Dan ini hanya berlaku bagi Prabowo-Sandiaga. Tidak untuk Jokowi-Amin. Cara pikir seperti ini kah yg ingin menguasai negeri ini? Naudzubillahi min dzalik. #IndonesianElectionHeroes #PrabowoHalu #PrabowoMenangHoax #SaveTaulany #saveerintaulany #akalsehat,4/22/19 10:35,1.12027E+18,RIO,SkyRio999,Valid
Di hack pikiran bawah sadar haha #saveerintaulany #SaveTaulany,4/22/19 10:32,1.12027E+18,Rezman,yanresman,Hoax
Semuanya jadi... Jadi gila. #SaveErinTaulany,4/22/19 10:28,1.12027E+18,2P,Nunungtalok74,Hoax
"Kalau Prabowo ngga usah dilaporinlah.... Ngga ada lawakan kalau dia di polisikan, lumayan dapat hiburan segar kalau ada Prabowo... Lawakannya murni tanpa dibuat buat siap presiden..!! #BantuKawalPemilu #01JokowiAminSudahMenang #SaveTaulany #saveerintaulany",4/22/19 10:19,1.12027E+18,clown face zonky donkey,Totok0912,Valid
"Lagian sape percaya ama mulut PELAKOR,,,??? #SaveErinTaulany",4/22/19 10:14,1.12027E+18,Bang Tinok,BangTinok,Hoax
"Kalau @erintaulany ditangkap & dipenjarakan, Fahri Hamzah juga harus ditangkap & dipenjarakan, krn dia juga bilang Sinting ke Jokowi. #saveerintaulany #harusadil",4/22/19 10:03,1.12027E+18,Leonard A.F Tanasale,leonardtanasale,Valid
"Sebentar dipuja, nanti kalau beda dihina, hadehh #Rajahalu #SaveTaulany #SaveErinTaulany #OleOut",4/22/19 10:02,1.12027E+18,Rudi M Sitompul,Rudi_M_Sitompul,Hoax
Untuk Membuktikan apakah Prabowo gila Ato tidak maka harus di buktikan di pengadilan dgn menghadirkan dokter ahli jiwa untuk memastikan kejiwaan Prabowo.skaligus untuk membuktikan apakah Erin Taulany menghina Prabowo Ato Erin mengatakan kebenaran. #SaveTaulany #SaveErinTaulany,4/22/19 09:58,1.12027E+18,#JOKOWI TETAP PRESIDEN RI2019-2024Â _Ÿ‡__Ÿ‡¨Â _Ÿ‡__Ÿ‡¨Â _Ÿ‡__Ÿ‡¨,carina_niken,Hoax
makjleb #SaveErinTaulany,4/22/19 09:52,1.12026E+18,anjelina,anjelin96159678,Valid
#SaveTaulany #SaveErinTaulany #PrabowoHalu,4/22/19 09:42,1.12026E+18,Maria Magdalena Beriam,BeriamMaria,Hoax
#SaveTaulany #saveerintaulany ,4/22/19 09:37,1.12026E+18,Generasi Micin (FZ&FH),WPurnayadi,Valid
#SaveTaulany #saveerintaulany #saveerintaulany,4/22/19 09:36,1.12026E+18,T.H_Ardianto,Pax_O_Pix,Hoax
#SAVEerintaulany #SAVENKRI Bantu sebarkan buat projo K pedulian sesama projo,4/22/19 09:35,1.12026E+18,Rizkywibowo,Rizkywi55601472,Hoax
#SAVEerintaulany #SAVENKRI Bantu sebarkan buat projo K pedulian sesama projo Bantu share,4/22/19 09:33,1.12026E+18,Rizkywibowo,Rizkywi55601472,Valid
#SAVEerintaulany #SAVENKRI Bantu sebarkan buat projo K pedulian sesama projo Bantu share,4/22/19 09:32,1.12026E+18,Rizkywibowo,Rizkywi55601472,Hoax
#SAVEerintaulany #SAVENKRI Bantu sebarkan buat projo K pedulian sesama projo Bantu share,4/22/19 09:32,1.12026E+18,Rizkywibowo,Rizkywi55601472,Valid
u apa ada #Saveerintaulany #SaveTaulany akhirnya ngeules ky gini.. hadeuhh...,4/22/19 09:28,1.12026E+18,SADAR,Demas06,Hoax
02 sinting berjamaah.. #SaveTaulany #SaveErinTaulany,4/22/19 09:13,1.12025E+18,Mahisa Agni,MahisaAgni4,Hoax
02 sinting berjamaah... #SaveTaulany #SaveErinTaulany,4/22/19 09:12,1.12025E+18,Mahisa Agni,MahisaAgni4,Valid
Kurang ajar yg hack anda luar biasa hahhhaa #SaveErinTaulany,4/22/19 09:06,1.12025E+18,WOWOKALAH,dionhero,Hoax
@Fahrihamzah pecundang #SaveErinTaulany,4/22/19 08:40,1.12025E+18,Maisa,Maisa987,Valid
#SaveTaulany #saveerintaulany,4/22/19 08:39,1.12025E+18,Roni Milanisti,Roni_Milanelo,Hoax
Iâ€™m blessed having you as President of Indonesian #JokowiWinElection #SaveForSrilanka #SaveErinTaulany,4/22/19 08:36,1.12024E+18,juni hegelstad,HegelstadJuni,Hoax
"Mungkin karena yg buat insta story adalah @erintaulany makannya heboh, coba kalo gue yg buat, pasti adem2 aja. Dia cuma repost pemberitaan media luar loh, dan emang agak ga sehat aja sih deklarasi kemenangan di saat penghitungan suara masi dilakukan #SaveTaulany #saveerintaulany",4/22/19 08:32,1.12024E+18,MTRSR,mutiarasari__,Valid
Di tunggu parodi yg lain mas bro.. #SaveTaulany #SaveErinTaulany,4/22/19 08:31,1.12024E+18,â™ Jobbut,robert_samone,Hoax
#saveerintaulany,4/22/19 08:30,1.12024E+18,Ip Man,ep_freddy,Valid
Umi pipik dulunya kan perempuan gk bener lalu tobat tpi stelah di tinggal suaminya kok jdi kumat lg ya (sepertinya) #SaveTaulany #SaveErinTaulany,4/22/19 08:27,1.12024E+18,TheHashTagForEvi,Supriatun9,Hoax
Saya dukung Bang Andre #2019mainpresidenpresidenan #SaveTaulany #saveerintaulany ,4/22/19 08:12,1.12024E+18,margi,marghizola,Hoax
"Paling gampang memang Koreksi kesalahan org lain , padahal 1 jari menunjuk ke orang lain 4 jari lain menunjuk diri sendiri. Tapi mana faham mereka , merasa manusia paling Bener sejagad .. #SaveTaulany #saveerintaulany ",4/22/19 08:11,1.12024E+18,@vennejo,vennejo,Valid
"Istri Andre Taulany Resmi Dipolisikan, Tagar #SaveErinTaulany Langsung Viral ",4/22/19 08:01,1.12024E+18,Kanal247,kanal247dotcom,Hoax
#SaveTaulany #saveerintaulany,4/22/19 07:59,1.12024E+18,ined Takeda,TakedaIned,Valid
#Saveerintaulany,4/22/19 07:46,1.12023E+18,YasHas,3363yasri,Hoax
Lha emang siting semuanya #saveerintaulany ,4/22/19 07:32,1.12023E+18,Thj,Thj95697572,Hoax
Mungkin dia sudah lelah... #SaveTaulany #saveerintaulany ,4/22/19 07:31,1.12023E+18,Maseko Jogja,MazexoD,Valid
Penuh angkara murka karena bakal kekalahannya #SaveTaulany #SaveErinTaulany,4/22/19 07:25,1.12023E+18,Yusuf Istiawan,yusufdepunglor,Hoax
"Halah Pipik aja Koq ... BH, Celana Dalam sudah sudah Buka Semua utk Suami Orang. Sok...Sokan Bicara Moral Di Sosmed. Klo Uje Masih Hidup Gak sampe Spt ini Sok2 Jd HAKIM Wahabi Salafy. #SaveTaulany #SaveErinTaulany #politikdasamuka02",4/22/19 07:24,1.12023E+18,Lentera.NKRI #CintaTanahAir #BelaNegara,NkriLentera,Valid
#SaveTaulany #SaveErinTaulany ,4/22/19 07:07,1.12022E+18,Service Ac Surabaya,ServiceAcSurab5,Hoax
codot bari ke senggol langsung ngamuk jadi geliii #SaveTaulany #SaveErinTaulany,4/22/19 07:02,1.12022E+18,@fand sufriadi,fand09098393,Hoax
#SaveTaulany #saveerintaulany ,4/22/19 06:53,1.12022E+18,Diana Elizabeth Kristianti,DianaEl90244202,Valid
Gbr nya hoaks bro... editan. Lembaga tsb tdk ada di denmark. Itu lmbaga sosial dn kesenianbdi amrik klo gk salah. #02CurangTeriakCurang #SaveErinTaulany #SaveTaulany,4/22/19 06:53,1.12022E+18,Tukang Kayu,cemaragunung,Hoax
"kasihan kubu pecundang... mau buat baik utk tdk dipermalukan malah buat Hoax, Fitnah & Halu... sebetulnya apa yg dikatakan @erintaulany ttg kubu kampret betul 100% #saveerintaulany",4/22/19 06:52,1.12022E+18,#2019BaniPecatanmasukRSJ,astronelse,Valid
#SaveTaulany #SaveTaulany #SaveTaulany #SaveTaulany #SaveErinTaulany,4/22/19 06:48,1.12022E+18,Indra Boris,inved_77,Hoax
Ahhciiiyaaapp pleciden!!! #SaveTaulany #saveerintaulany,4/22/19 06:45,1.12022E+18,Pelakor Syari,Chartika_PK,Hoax
Mana Patwal R1 nya? Halu tiada tara. Kalo patwal yang itu mah saat komunitas gue touring juga dikawal mirip gitu Dah bener yg dibilang Erin Taulany. Hahaha. #saveerintaulany ,4/22/19 06:44,1.12022E+18,M E I,kimochiii_,Valid
"Coba deh loe pikir..,blm ada pengumuman uda ngaku menang,Syukuran 7 juta umat monaslimin,bikin spanduk pelantikan segede gaban sma ormas Anarkis,diarak kya Ondel, konfrensi smpe 3x ky minum obat..kalo Bukan SINTING, terus apa, Malih?? Ape loe,. Ape loe?? #SaveErinTaulany",4/22/19 06:40,1.12022E+18,Bagus3198,bagus3198,Hoax
Saya dan rekan2 pengacara siap bantu @erintaulany sukarela tanpa bayar. #SaveErinTaulany,4/22/19 06:38,1.12022E+18,"Budi S Djaja, S.H.",DjajaBudi,Valid
Ekpresi dan ungkapan erintaulany adalah bentuk kritik rakyat thdp para pemimpin kita yg tdk menghormati proses konstitusional yg dilakukan oleh KPU #saveerintaulany,4/22/19 06:35,1.12021E+18,Aminullah,Aminull84612420,Hoax
"Yang dilaporin apa? Esensi dari postingan @erintaulany Atau kata Sinting, yang merupakan luapan emosi melihat satu kejadian yang menurut @erintaulany aneh #SaveErinTaulany",4/22/19 06:34,1.12021E+18,"Budi S Djaja, S.H.",DjajaBudi,Hoax
Kalo ada org pikirannya waras belum ada keputusan kpu trus koar2 dah mengklaim dirinya dah jadi Presiden Apakah itu masih di bilang waras?? Maaf cuma nanya #SaveTaulany #SaveErinTaulany ,4/22/19 06:34,1.12021E+18,sovie,Venty1402,Valid
Gendeng #SaveTaulany #saveerintaulany,4/22/19 06:32,1.12021E+18,Diana Elizabeth Kristianti,DianaEl90244202,Hoax
Maklum yang kalah mah biasanya cengeng gtu #SaveErinTaulany ,4/22/19 06:26,1.12021E+18,WM_twiit19,WTwiit19,Valid
Makasih mba erintaulany sudah mewakili suara saya #SaveErinTaulany ,4/22/19 06:22,1.12021E+18,sovie,Venty1402,Hoax
Sebaiknya tunggu hasil uji klinis dulu. #SaveTaulany #SaveErinTaulany,4/22/19 06:20,1.12021E+18,Hilmy Wanamulya,HilmyWanamulya,Hoax
#SaveTaulany #SaveErinTaulany ,4/22/19 06:15,1.12021E+18,Jokowi Baik,nixon_fs,Valid
Sungguh Sinting.. Sangatt Sintingg.. Emanngg Sinnttingg.. Faktanya Dia Memang Sintinggg... #SaveTaulany #saveerintaulany,4/22/19 06:08,1.12021E+18,mama Azra,diansukawati,Hoax
#SaveErinTaulany ,4/22/19 06:02,1.12021E+18,odie.rdz,odie88rdz,Valid
#SaveTaulany #saveerintaulany ,4/22/19 05:58,1.12021E+18,NINAS Madridista,lhena66,Hoax
#SaveTaulany #SaveErinTaulany news ,4/22/19 05:58,1.12021E+18,â‹† â__S Ê°áµ˜áµˆáµƒ _ù”„_ù”__ù”__ù”±_ù”¥_ù”_â_Ÿ â„¢,shda_agatha,Hoax
Baru erin taulany yg brni mengatakan demikian lalu kalian kapan..? #saveErintaulany,4/22/19 05:56,1.1202E+18,jawir bmwijaya,BmwRentcar,Valid
Kampret mmg sinting #SaveTaulany #SaveErinTaulany,4/22/19 05:45,1.1202E+18,M.Syarofi,iforays,Hoax
@fahrihamzah @Tsamara Seharusnya bang fahri hamzah juga hrus dilaporkan.......jangan didiamkan saja.... #SaveTaulany #saveerintaulany ,4/22/19 05:37,1.1202E+18,anak timur,ym0954028425,Valid
Nhaa fahri hamzah juga hrus dilaporkan...kr ini sudh mencelah presiden kita saat ini. Knapa BKN hnya melaporkan mba erina sja......tolong BKN pkir intropeksi diri......jngn kr klian elit klian seenaknya sprti itu.... #SaveTaulany #saveerintaulany,4/22/19 05:36,1.1202E+18,anak timur,ym0954028425,Hoax
"Umurnya sudah tua, dan mungkin ini kesempatan terakhirnya...apapun di hallalkan untuk mencapai ambisinya... #SaveTaulany #saveerintaulany",4/22/19 05:32,1.1202E+18,FLORIUS MANAO,ManaoFlorius,Hoax
Mereka msih mncari strategi untk bisa mngibul dn membohongi masyarakat lgi..... Makanya tidk brani untk buka data skrng... #savetaulany #saveerintaulany,4/22/19 05:29,1.1202E+18,anak timur,ym0954028425,Valid
Apaa yg udh ngedit2 foto presiden...ini jg penghinaan kepala negara... usut tuh akun fbnya nur fadilah... #SaveTaulany #saveerintaulany ,4/22/19 05:27,1.1202E+18,NINAS Madridista,lhena66,Hoax
"Ma..masakkin Soto ya. Siap..Soto ayam,Pak Plesiden.? Iya..Ayam Kampung ya. Siap,Pak Plesiden. Sinting... Husss,hati2,Pa..jgn keras2 bilang SINTING.Tetangga kita orgnya ngamukan. .. #SaveTaulany #saveerintaulany #JokowiWinElection #JokowiAminSudahMenang",4/22/19 05:22,1.1202E+18,Zulfan Prakarsa,Zulfanp1,Valid
Jleeebbb!!! #saveerintaulany,4/22/19 05:14,1.12019E+18,farhanaz maharani,frhmahrani,Hoax
#SaveTaulany #saveerintaulany,4/22/19 05:11,1.12019E+18,Sisca Ambun,AmbunSisca,Hoax
Sama kampret mah gausa takut wqwq #SaveTaulany #SaveErinTaulany,4/22/19 05:09,1.12019E+18,BODO AMAT!,Nindaoktavia18,Valid
"Biasa Baperan,,coba bayangkan seberapa pun sakitnya dihina,dicakimaki bapak Jokowi dan Ibunda masih tetap sabar dan tidak pernah membalas.. #saveerintaulany #SaveTaulany",4/22/19 05:05,1.12019E+18,Wyande_Wyn8173,Wyande8173,Hoax
#SaveErinTaulany,4/22/19 05:04,1.12019E+18,Diyah Sri,dsriw,Valid
Lalu apa kabar yang selama ini menghina seorang presiden? #SaveErinTaulany #SaveTaulany,4/22/19 05:02,1.12019E+18,Maria Magdalena Beriam,BeriamMaria,Hoax
#SaveErinTaulany #SaveTaulany #JokoWinElection #JokowiAminSudahMenang,4/22/19 05:01,1.12019E+18,Jenny M Florida,JMarcellina,Hoax
Prabowo Cm Presiden Dari.Tgl.17.April.S/d.22.Mei.2019. #SaveErinTaulany. #PrabowoHalu. #PrabowoPresidenPresidenan,4/22/19 04:58,1.12019E+18,Muhamad Yuduf K,YudufMuhamad,Valid
Baru segini saja hinaannya main lopar- lapor coba bayangkan seberapa sakit hinaan buat bapak Jokowi dan Ibundanya masih tetap sabar dan tidak membalas. #saveerintaulany #SaveTaulany,4/22/19 04:56,1.12019E+18,Wyande_Wyn8173,Wyande8173,Hoax
Kayaknya yg lebih nyinyir dan sadis dari Erin taulany lebih banyak dehh ke kubu sebelah #SaveErinTaulany,4/22/19 04:41,1.12019E+18,Hermanto,Hermant85039808,Valid
Relawan yang gak mudah rela #SaveTaulany #saveerintaulany ,4/22/19 04:39,1.12019E+18,aidimulya,anduamreta,Hoax
Bagai mana ini umi pipik tolong pencerahan huwehuwe #saveerintaulany ,4/22/19 04:36,1.12018E+18,jenaka,pptpratama,Hoax
#saveerintaulany #SaveTaulany,4/22/19 04:35,1.12018E+18,Vanessa Lingga,vanliiing,Valid
#SaveTaulany #SaveErinTaulany ,4/22/19 04:35,1.12018E+18,RagahLampung,di2_indra,Hoax
Halah lantas mereka bebas saja menghina Pak Jokowi dan hanya seupil orang bicara sedikit lantang langsung dibully. Prettt #saveerintaulany #SaveTaulany,4/22/19 04:30,1.12018E+18,Gust4f,Gust4f1,Valid
#SaveTaulany #SaveErinTaulany,4/22/19 04:28,1.12018E+18,masbeth,masbeth4,Hoax
Erin berkata jujur kecuali dia bilang wowo waras baru pitnah #SaveTaulany #PrabowoHalu #SaveErinTaulany,4/22/19 04:26,1.12018E+18,Mawar T Wijaya,MawarTanuWijaya,Hoax
"Kalah ngaku menang,terus nyalahin Quick count .. nyalahin Tp yg nayangin Quick count..Nyalahin presiden..Nyalahin Erin Taulany.. #SaveTaulany #saveerintaulany",4/22/19 04:25,1.12018E+18,#JOKOWI TETAP PRESIDEN RI2019-2024Â _Ÿ‡__Ÿ‡¨Â _Ÿ‡__Ÿ‡¨Â _Ÿ‡__Ÿ‡¨,carina_niken,Valid
"Pak polisi setuju dg twett ..tolong jangan kau BEDA2KAN!!!! Jangan krn suaminya erin adalah andre taulany simpatisan jokowi sehingga gampang laporkan ke polisi, pdhl dari kelompoknya mereka banyak yg menghina Pak Jokowi presiden RI skrng loh!! #SaveTaulany #saveerintaulany ",4/22/19 04:06,1.12018E+18,Lismarindo,Lismarindo1,Hoax
Cuma mengingatkan bahwa bulan depan sudah mulai puasa. Semoga keributan2 politik mereda sehingga tak ada lagi hashtag2 yang membuat hati menjadi panas ketika membacanya. #MauMenangKokMainCurang #saveerintaulany #YoAyoKerjaLagi,4/22/19 04:02,1.12018E+18,rizky aji ohorgun,rizky_ajin,Valid
#SaveTaulany #saveerintaulany ,4/22/19 04:01,1.12018E+18,Pipih Neng,PipihNeng1,Hoax
#SaveErinTaulany,4/22/19 03:50,1.12017E+18,Slamat,Slamat98010846,Hoax
#SaveTaulany #saveerintaulany ... supaya dirimu lekas sehat om genderuwooooo....,4/22/19 03:48,1.12017E+18,mas bogel,masbogs,Valid
Kalau mau disebut waras maka bertindaklah sesuai nilai-nilai kewarasan #SaveTaulany #saveerintaulany,4/22/19 03:47,1.12017E+18,Intan Ratnasari,Intan_Ratnasari,Hoax
Tim BPN apa gk malu capresnya sampai diledekin anakÂ_ #SaveErinTaulany #SaveTaulany CC : @sudirmansaid @Dahnilanzar @msaid_didu @rockygerung @ustadtengkuzul @haikal_hasaan @fadlizon @Fahrihamzah @sandiuno,4/22/19 03:47,1.12017E+18,ARek THampan,arek_thampan,Valid
#saveerintaulany #SaveTaulany #PrayForSriLanka,4/22/19 03:43,1.12017E+18,Ego Yunizar Lubis,eggoyunizar,Hoax
"Woles cah ayu. Masa baru sama 1 yg katanya cebong betina @erintaulany sewotnya udah sampe ubunÂ_. @jokowi malahan dihina, dicaci maki seabrek-abrek gerombolan vampir. Masa harus dibilang juga @kondangtitis sakit jiwa. #SaveTaulany #SaveErinTaulany #ErinTaulanyMasihWaras",4/22/19 03:43,1.12017E+18,Firman TM,iFir17,Hoax
DASAR SINTING!!!!!!! *Lapor sana lapor* dasar gila! #saveerintaulany kek gini kok org disuruh ngeliat sbg kewajaran bukan ketidakwarasan,4/22/19 03:42,1.12017E+18,farhanaz maharani,frhmahrani,Valid
Tanpa di posting mba erin kita jga udah tau kalo emg GILA kalo ini sih sy mau sujud syukur krn mba erin membantu expresikan apa yg ada dihati saya dan seluruh msy yg muak melihat tingkah nya #saveerintaulany #SaveTaulany,4/22/19 03:40,1.12017E+18,farhanaz maharani,frhmahrani,Hoax
@erintaulany #saveerintaulany #SaveTaulany,4/22/19 03:39,1.12017E+18,Donny Octavian,DonnyOctavian,Valid
@andretaulany74 #SaveTaulany #saveerintaulany,4/22/19 03:34,1.12017E+18,Donny Octavian,DonnyOctavian,Hoax
Kalah tapi ngaku2 #SaveTaulany #saveerintaulany,4/22/19 03:29,1.12017E+18,Diana Elizabeth Kristianti,DianaEl90244202,Hoax
KALAU KALAH NAGAKU MENANG NAMANYA APA YA .... Gila Stress Sinting #SaveTaulany #SaveErinTaulany,4/22/19 03:28,1.12017E+18,#JOKOWI TETAP PRESIDEN RI2019-2024Â _Ÿ‡__Ÿ‡¨Â _Ÿ‡__Ÿ‡¨Â _Ÿ‡__Ÿ‡¨,carina_niken,Valid
#SaveTaulany #saveerintaulany,4/22/19 03:26,1.12017E+18,mrs.gunardi,eva12730539,Hoax
#SaveTaulany #saveerintaulany ,4/22/19 03:24,1.12017E+18,Vera Isdijono,Viviesdijono64,Valid
#SaveTaulany #saveerintaulany tetangga sebelah gue juga sinting kebngetan..,4/22/19 03:19,1.12017E+18,no boncos,no_boncos,Hoax
#SaveTaulany #SaveErinTaulany ,4/22/19 03:16,1.12016E+18,Poolgank,deckykris,Hoax
"Si OWO terlalu obsesi dengan jabatan Presiden! Apalagi dgn org org yg di sekitar si OWO, caci maki, hujat sana sini, giliran di balikin ga trima. NDESO! #SaveTaulany #SaveErinTaulany",4/22/19 03:16,1.12016E+18,Adhitya Indra P,AdhityaIndraP,Valid
"Dibilang sakit jiwa, pendukungnya ngamuk. Klakuan kek org sakit jiwa tapi marah dibilang sinting. Trus kudu piyeeeee #saveerintaulany",4/22/19 03:14,1.12016E+18,Viantiara,EnyVianty,Hoax
"Ruko Blok C Tanah Abang Kebakaran, 14 Mobil Pemadam Kebakaran Dikerahkan #jakarta #berita #beritaterbaru #beritaterkini #beritanews #beritaviral #viral #kebakaran #tanahabang #kebakarantanahabang #EarthDay #MauMenangKokMainCurang #saveerintaulany ",4/22/19 03:11,1.12016E+18,Viral Hari Ini,viralhariini,Valid
#SaveTaulany #SaveErinTaulany,4/22/19 03:08,1.12016E+18,Kreshna W. Linarda,KreshnaQuet,Hoax
Im with you mom. Youâ€™r not alone. cause being alone was suck!! #SaveTaulany #saveerintaulany,4/22/19 03:07,1.12016E+18,Debu Kasur,penikmatmigrain,Hoax
#saveerintaulany #PrabowoGila,4/22/19 03:03,1.12016E+18,kenangan masa lalu,julohufera,Valid
#SaveErinTaulany Yg tegar mbak,4/22/19 03:02,1.12016E+18,Forman,Forman20969810,Hoax
#SaveTaulany #saveerintaulany Erin Taulany hanya melawan ketidakwarasan yang dibanggakan gerombolan yg berambisi berkuasa. #PemiluDamai @kpw3_kalsel,4/22/19 03:02,1.12016E+18,Mugiharto Wakhmadi,masmugyganteng,Valid
#saveerintaulany,4/22/19 03:02,1.12016E+18,CDOB Sukabumi Utara,utara_sukabumi,Hoax
#SaveTaulany #saveerintaulany,4/22/19 03:01,1.12016E+18,Gatot Putra Subroto,gatotkacawdki,Hoax
"Politik itu emang buat kita geram, apalagi kalo sampai heboh dan melebihi lebihi prosedur #saveerintaulany ",4/22/19 02:58,1.12016E+18,WicakSono,PanduVVick,Valid
"Yang penghinaan luar biasa itu adalah orang2 yg menghina pak jokowi yg statusnya sbg presiden..Presiden bonekalah, presiden sintinglah, Presiden planga plongolah dll itu ke presiden loh...tp pak jokowi nyantai aja.. #SaveTaulany , #saveerintaulany. ",4/22/19 02:53,1.12016E+18,Lismarindo,Lismarindo1,Hoax
#SaveTaulany #PrabowoHalu #saveerintaulany ,4/22/19 02:52,1.12016E+18,Jokowi2P,Cosukadisp69gm1,Valid
@makLambeTurah sebenarnya @erintaulany itu ngomong fakta kok malah dibully? Heran dg cara berpikirnya gerombolan sebelah. #saveerintaulany #saveerintaulany,4/22/19 02:50,1.12016E+18,Toho Tama,tohotama,Hoax
"Mbak erin telah mewakili banyak orang yg ingin meyampaikan kebenaran, #SaveErinTaulany #SaveTaulany",4/22/19 02:48,1.12016E+18,Generasi Micin (FZ&FH),WPurnayadi,Hoax
#SaveTaulany #SaveErinTaulany,4/22/19 02:46,1.12016E+18,Duo_K,AtikSirait,Valid
#saveerintaulany terus maunya di bilang apa dong?? Wong blm apa2 sudah mendeklarasikan menjadi presiden... maju teru mba Erin.. Taulany.. Allah tidak sarÃ©....,4/22/19 02:45,1.12016E+18,Soemadyo Soetaryo,SoemadyoSoetar1,Hoax
#saveerintaulany #SaveTaulany,4/22/19 02:43,1.12016E+18,ari wibowo,ariwibowo_1991,Valid
Di negara mana pun di dunia. Pengawal presuden itu dari institusi resmi. Klu di Indonesia namannua PASPAMPRES. Terdiri dr TNI & POLRI. bukan curut2 Monaslimin. . Dibilang sinting Ngamuk. #SaveErinTaulany,4/22/19 02:42,1.12016E+18,Kang Prabu,KangPra53833391,Hoax
M. Firdaus (Pengacara Prabowo) Buronan RSJ Grogol..!!!! #SaveTaulany #SaveErinTaulany #SaveIstriAndreTaulani,4/22/19 02:42,1.12016E+18,Ben Avram #BEJO #JKW2P,RubenLumalessi1,Hoax
#SaveOurDemocracy #saveerintaulany #01JokowiAminSudahMenang,4/22/19 02:40,1.12016E+18,STAR- SUN STRONG,ongmar,Valid
M. Firdaus Sakit Jiwa!!!! #SaveTaulany #SaveErinTaulany #SaveIstriAndreTaulani,4/22/19 02:39,1.12016E+18,Ben Avram #BEJO #JKW2P,RubenLumalessi1,Hoax
"Cara mereka Jahat namun diselimuti oleh putihnya Gamis... Orang yg punya akal sehat dan hati nurani pasti bertanya tanya, mengapa alurnya petinggi mereka menggunkan cara Hitam dibalik Putih.. Ya Allah Buka kan semua kejahatan sebenarnya.... #SaveTaulany #SaveErinTaulany ",4/22/19 02:37,1.12015E+18,hendokoretno,hendokoretno,Valid
#SaveTaulany #SaveTaulany #saveerintaulany #SaveIstriAndreTaulani,4/22/19 02:29,1.12015E+18,shokhat sabana,danzsabana87,Hoax
"BPN jelas sengaja case ini dibumingkan untuk menarik militan 02 untuk turun kejalan, ingat Yah Jakarta Masih Jokowi , kita siap pasang badan, untuk rakyat yg di cekokin elite BPN.. #SaveTaulany #saveerintaulany",4/22/19 02:26,1.12015E+18,hendokoretno,hendokoretno,Hoax
Kampret paling bener emang Bener-bener bego #SaveTaulany #saveerintaulany,4/22/19 02:24,1.12015E+18,Jann-Fiete Arp,ArpJann,Valid
#SaveTaulany #SaveTaulany #SaveTaulany #SaveErinTaulany #SaveTaulany #SaveErinTaulany #SaveTaulany #SaveErinTaulany,4/22/19 02:24,1.12015E+18,mimaciaen,MimMimaciaen,Hoax
#saveerintaulany suara rakyat di sampaikan terima kasih Erin,4/22/19 02:22,1.12015E+18,Adericho Orlando,orlandddoo,Valid
#SaveErinTaulany,4/22/19 02:22,1.12015E+18,Nicko,husniabdulhalim,Hoax
#SaveTaulany #SaveErinTaulany ,4/22/19 02:22,1.12015E+18,hendokoretno,hendokoretno,Hoax
"jangan takut @erintaulany anda tdk sendiri, kami barsama anda, pak @jokowi tdk tinggalkan anda. #SaveTaulany #SaveErinTaulany",4/22/19 02:21,1.12015E+18,christian Peter,cp_bapathy,Valid
#SaveTaulany #SaveErinTaulany ,4/22/19 02:20,1.12015E+18,hendokoretno,hendokoretno,Hoax
#SaveTaulany #SaveErinTaulany #SaveErinTaulany #SaveErinTaulany ,4/22/19 02:16,1.12015E+18,sovie,Venty1402,Valid
"Belum jdi aja sdh seperti itu, gmna klo sdh jdi, yg demo2 dan kritik menentang mereka pasti hilang tnpa jejak... #SaveTaulany #SaveErinTaulany",4/22/19 02:14,1.12015E+18,JokoWinElection,ninos_sumando,Hoax
#SaveErinTaulany,4/22/19 02:14,1.12015E+18,Zulfan,Rockgar12,Hoax
"iyups betul sekali, setuju saya. #SaveTaulany #saveerintaulany ",4/22/19 02:13,1.12015E+18,Belly Argo,belly_argo,Valid
"Ya kelakuanya kaya gitu gimana jg bikin geregetan, sebetulnya banyak orang yg pingin nulis lebih dari itu #SaveTaulany #saveerintaulany",4/22/19 02:13,1.12015E+18,Kristin,Kristin26825924,Hoax
"Tenang te.... #SaveTaulany #saveerintaulany Tak liatin dulu,nnti klo yg gila makin gila,tak laporke ALLAH swt... #02CurangTeriakCurang",4/22/19 02:01,1.12015E+18,westausehat,westausehat,Valid
Si wowo kan emang SINTING beneran Bukan begitu @Fahrihamzah? #saveerintaulany ,4/22/19 01:59,1.12015E+18,Bambang ganteng,Bambang41208977,Hoax
#SaveTaulany #SaveErinTaulany ,4/22/19 01:58,1.12014E+18,sovita chandra,sov1sticated,Hoax
#SaveTaulany #SaveErinTaulany ,4/22/19 01:56,1.12014E+18,dARDIri dardak,dir1ku,Valid
#SaveErinTaulany #SaveTaulany,4/22/19 01:54,1.12014E+18,Anflo,Anflo42562803,Hoax
#SaveTaulany #SaveErinTaulany ,4/22/19 01:50,1.12014E+18,IG : @martendoank27,martendoank,Valid
#SaveTaulany atau #SaveErintaulany dlm kejadian #ErintaulaniSakitJiwa itu menyelesaikannya sebenernya mudah; coba aja suruh yg dituduh pny masalah kejiwaan tes kesehatan jiwa spt halnya pd saat Pak @jokowi dituduh PKI tp malah beliau yg disuruh tes DNA.,4/22/19 01:48,1.12014E+18,Ratri Seto Respati,r_setorespati,Hoax
#saveerintaulany #SaveTaulany,4/22/19 01:46,1.12014E+18,roosie setiawan,roosie13,Hoax
#saveerintaulany ,4/22/19 01:44,1.12014E+18,Desya Â _Ÿ™è#HOKI Â _Ÿ˜_,GandiDesyaNatan,Valid
Mmm #SaveTaulany #SaveTaulany #saveerintaulany #saveerintaulany #SaveTaulany #SaveTaulany #saveerintaulany #saveerintaulany ,4/22/19 01:43,1.12014E+18,Fiktor Lubis,fiktorlubis,Hoax
#SaveTaulany #saveerintaulany #SaveTaulany #saveerintaulany,4/22/19 01:40,1.12014E+18,Roni Milanisti,Roni_Milanelo,Valid
SINTING !!!!!!! @prabowo @sandiuno @fadlizon @Dahnilanzar @andre_rosiade @Fahrihamzah @FaldoMaldini @haikal_hassan Kalian ikutan GILA karena #PrabowoGila #SaveTaulany #saveerintaulany ,4/22/19 01:40,1.12014E+18,JAY 4ever,JAY4ever83,Hoax
Mereka maha benar #saveerintaulany #SaveTaulany #SaveTaulany,4/22/19 01:39,1.12014E+18,T.H_Ardianto,Pax_O_Pix,Hoax
#SaveErinTaulany #SaveTaulany,4/22/19 01:35,1.12014E+18,aku sayang diriku,EnjelaPasca,Valid
"Erin Taulani jgn takut, km tdk sendiri #SaveTaulany #SaveErinTaulany",4/22/19 01:35,1.12014E+18,christian Peter,cp_bapathy,Hoax
#SaveErinTaulany #SaveTaulany Semoga Tuhan melindungi mbak Erin dan mas Andre,4/22/19 01:34,1.12014E+18,Hana,HanaNuraini07,Valid
@prabowo SINTING!!! NISTA GW DONG! #SaveTaulany #saveerintaulany,4/22/19 01:28,1.12014E+18,Che,aryanggim,Hoax
#SaveErinTaulany #SaveTaulany,4/22/19 01:18,1.12013E+18,stephanus cahyo adiraja,papiabel,Hoax
Kalo ngenggol demen bgt.. giliran disenggol.. marah.. #saveerintaulany #SaveTaulany,4/22/19 01:13,1.12013E+18,Tina Kristina,TinaKri94208346,Valid
#saveerintaulany,4/22/19 01:12,1.12013E+18,IG : @martendoank27,martendoank,Hoax
#SaveTaulany #SaveErinTaulany #SaveSanity,4/22/19 01:10,1.12013E+18,(bukan) Power Ranger Merah,WongisJawanicus,Valid
"Jokowi dihina, difitnah, dicaci beliau tetap diam. TKN kalau mau marah seperti BPN bisa, tapi Jokowi & TKN tetap sabar. Giliran dikatain gini doang sama erin taulany BPN ngamuk wkwkwk. Auk ah si wowo #saveerintaulany ",4/22/19 01:08,1.12013E+18,dikitlagilulus,otwkuliah,Hoax
Sintingggg #SaveErinTaulany #SaveTaulany,4/22/19 01:08,1.12013E+18,Margareth,Hapsariratih1,Hoax
Mainan kita waktu bocah..akhirnya anak2 milenial memainkan juga #SiapPresiden #BantuKawalPemilu #SaveTaulany #saveerintaulany,4/22/19 01:07,1.12013E+18,Margareth,Hapsariratih1,Valid
#Savetaulany #Saveerintaulany ,4/22/19 01:06,1.12013E+18,Julius Deddy Damara,jdeddydamara,Hoax
"#SaveTaulany Baru purak purak presiden, bolonya sudah nmpak ditaktor.. #SaveTaulany #SaveTaulany #saveerintaulany #JokowiWinElection",4/22/19 00:58,1.12013E+18,"Endro Prayetno, ST",EndroWongCilik,Valid
Trus gimana sama mreka yg slama ini ngehina jokowi??? Knapa tidk dilaporkan juga???? Mereka2 yang slama ini hina2 jokowi...tp seorng jokowi ttp diamkan sja...loh ini bru sprti itu lngsng dilapirkan ke polisi....mereka ngak intropeksi dirj ya.. #SaveTaulany #saveerintaulany,4/22/19 00:58,1.12013E+18,anak timur,ym0954028425,Hoax
"Erin sudah betul kok... capres kalah tapi ngaku2 sudah menang dan mendeklarasikan kemenangannya sampe berkali2, apa namanya? SINTING atau bukan? #SaveTaulany #saveerintaulany",4/22/19 00:57,1.12013E+18,#01TheChampion,liongfingo,Hoax
ini kok pada baper dah. dikatain sinting sekali aja uda lapor. gmna presiden kita yg uda dicaci maki sejak dia masih nyapres? #SaveTaulany #SaveErinTaulany,4/22/19 00:57,1.12013E+18,siapa juga yang,m_aulidia,Valid
Terlalu..... #SaveErinTaulany,4/22/19 00:47,1.12013E+18,Adnan Dasuki,AdnanDasuki99,Hoax
Elit politik yg menghujat pak Jokowi PLANGA PLONGO dan SINTING aman2 aja tuh..padahal Pak Jokowi adalah Presiden RI yg beneran dan sah secara konstitusional sbg SIMBOL NEGARA (bukan presiden HaiTI loh) #SaveTaulany #saveerintaulany,4/22/19 00:47,1.12013E+18,Beng Beng,RudiAkbar27,Valid
#SaveTaulany #SaveErinTaulany,4/22/19 00:47,1.12013E+18,siti khanifah,sitikhanifah05,Hoax
Eh btw gak ada yg mau bikin senjata nuklir nih? #saveerintaulany #SaveTaulany,4/22/19 00:46,1.12013E+18,WSMV,AWSM1985,Hoax
Mereka2 itu sudh ngak bisa intropeksi diri lagi makanya kaya gitu. #SaveTaulany #saveerintaulany,4/22/19 00:44,1.12013E+18,anak timur,ym0954028425,Valid
"#saveerintaulany kalo kata SINTING dipermasalahkan BPN 02, maka manusia ini @Fahrihamzah harusnya juga DIPROSES HUKUM ... #02PanikKalah",4/22/19 00:38,1.12012E+18,Ambrosius LM,ambrossssssssss,Hoax
#saveerintaulany ,4/22/19 00:36,1.12012E+18,eska haryanto,sk_haryanto,Valid
Trus mreka2 yg slama ini hina2 jokowi gimana???? Itu penistaan apa bukan?? Aneh2 sja mreka....karena takut kalah makanya skrng mreka mulai mencari2 keslahan orng lain. Bukannya intropeksi diri mreka malahan mlai cri2 cara sprti itu. #saveerintaulany #SaveTaulany,4/22/19 00:36,1.12012E+18,anak timur,ym0954028425,Hoax
"Trus yg hina2 pak jokowi apakah itu bukan keterlaluan.???? Bung fadli zon, apakah bukan keterlaluan????? Intropeksi diri dong....jngn hanya mau mempersalahkan orang lain...sdangkan diri kita tidk kita periksa ..apakah bnar atau tidk??? #saveerintaulany",4/22/19 00:33,1.12012E+18,anak timur,ym0954028425,Hoax
"Di negara saya, ada yang main presiden-presidenan, deklarasi-deklarasian dengan dasar survei diem-dieman, data realcount-realcountan, abis itu dilantik rakyat-rakyatan. Semua itu emang cuma main-mainan. Cuma SINTINGnya yang beneran #SaveTaulany #SaveErinTaulany #02PanikKalah",4/22/19 00:32,1.12012E+18,ARMAWARA,armawaras,Valid
mau penghasilan tambahan? cek profile gan. #saveerintaulany #TernyataBesokSenin #DaruratC1Plano,4/22/19 00:30,1.12012E+18,My BTC,my_freebtc,Hoax
#SaveErinTaulany #SaveTaulany,4/22/19 00:27,1.12012E+18,siti khanifah,sitikhanifah05,Valid
#saveerintaulany #SaveTaulany,4/22/19 00:23,1.12012E+18,Lizza Omar,ZAhra019,Hoax
#saveerintaulany #SaveTaulany yg waras mengalah saja. Biarkan yg sakit jiwa teriak2 karena memang mereka lagi sakit jiwa. Udah kalah kok ngaku2 menang. Situ sehat pak??,4/22/19 00:23,1.12012E+18,Ucik,UcikCuiit,Hoax
#saveerintaulany ,4/22/19 00:22,1.12012E+18,Memes Asih,memes_asih,Valid
#SaveTaulany #SaveErinTaulany,4/22/19 00:19,1.12012E+18,siti khanifah,sitikhanifah05,Hoax
#SaveErinTaulany,4/22/19 00:16,1.12012E+18,Leo Agustinus Yuwono,leoyuwono,Valid
#SaveTaulany #SaveErintaulany,4/22/19 00:15,1.12012E+18,yusrin,ucinkamba,Hoax
#saveerintaulany #saveerintaulany #saveerintaulany,4/22/19 00:15,1.12012E+18,kebo,sayatetepdedy,Hoax
"#SaveTaulany #SaveErinTaulany Pokoknya gw dukung kalian, ini cuma kekesalan saja karna gw jg muak dg presiden2an begini... @andretaulany74 @erintaulany",4/22/19 00:14,1.12012E+18,Muhammad Sholeh,come_soleh,Valid
#saveerintaulany,4/22/19 00:10,1.12012E+18,Lizza Omar,ZAhra019,Hoax
#SaveTaulany #SaveErinTaulany,4/22/19 00:07,1.12012E+18,adi_s,adisbt,Valid
Kalo dia mah raja sinting #SaveTaulany #SaveErinTaulany,4/22/19 00:04,1.12012E+18,OpaDarmanto,darmanto0802,Hoax
"Pak jokowi dihina macem2 gitu kalian diam2 aja,giliran dia dihina balik kyk kebakaran jenggot nya. #saveerintaulany",4/22/19 00:04,1.12012E+18,Lizza Omar,ZAhra019,Hoax
Semangat dan tetap kuat #saveerintaulany,4/22/19 00:03,1.12012E+18,Lhina,Lhina83880334,Valid
Erin taulany jadi Korban kegilaan Capres stress!!! #saveerintaulany #PrabowoGilaJabatan!!!,4/22/19 00:02,1.12012E+18,Gamer Noob! Â _Ÿ_“,Ian_Yosha,Hoax
#saveTaulany #saveerintaulany,4/21/19 23:59,1.12011E+18,wansinghong,iwan_11nop,Valid
#SaveTaulany #saveerintaulany ,4/21/19 23:58,1.12011E+18,Holiness Purba,Hestekinaja_,Hoax
#saveerintaulany bagaimanapun jujur lebih baik,4/21/19 23:58,1.12011E+18,Simboke Genduks,purwati_ary,Hoax
Sekedar menolak KeTIDAKWARASan #SaveTaulany #saveerintaulany,4/21/19 23:55,1.12011E+18,Anie R.A Sampoerna,AnieQueen_,Valid
Preeettt... #saveerintaulany,4/21/19 23:49,1.12011E+18,AwayShenjh,awaytwitt,Hoax
#saveerintaulany #savetaulany,4/21/19 23:48,1.12011E+18,poor,pandapink89,Valid
"Klo mau tentram jaga lisan, kebebasan berpikir, berucap anda hari ini tdk hanya dibatasi UU ITE tp jg dibatasi oleh perasaan org lain #ErintaulanySakitJiwa #saveerintaulany",4/21/19 23:36,1.12011E+18,Achmad Yunus,GusYunus,Hoax
"Nah blom berkuasa aja udh kayak gini..,coba waktu bpk jowoki di hina sama kubu mereka??? #saveerintaulany #SaveTaulany #BantuKawalPemilu #JokowiWinElection",4/21/19 23:31,1.12011E+18,Donovan,ivankastara,Hoax
Ingatt Mereka Habib pernah berkata Banci pada presiden Jokowi .... #saveerintaulany,4/21/19 23:30,1.12011E+18,hendokoretno,hendokoretno,Valid
#SaveErinTaulany #SaveTaulany,4/21/19 23:30,1.12011E+18,SIWON werockabilly weroatmowireja,siwon_w_w,Hoax
#SaveErinTaulany Mungkin Krn artis jd booming... Coba kita cebong...ahkkkk mana berani ya kan lurrrrr...,4/21/19 23:29,1.12011E+18,_Ÿ‡__Ÿ‡¨Anak Indonesia Â _Ÿ‡__Ÿ‡¨,lenizabet80gma1,Valid
#SaveTaulany #SaveErinTaulany ,4/21/19 23:29,1.12011E+18,"Hariawan, Gusti Ngrh",balikurumatrans,Hoax
#SaveErinTaulany #SaveTaulany,4/21/19 23:20,1.1201E+18,nindy septiana,naendyz,Hoax
#SaveTaulany #SaveErinTaulany ,4/21/19 23:13,1.1201E+18,Common sense,Yuvosila_Fraser,Valid
#PrabowoMenangHoax #PrabowoGila #PrabowoHaluSandiagaMalu #PrabowoSinting #SaveTaulany #SaveErinTaulany,4/21/19 23:12,1.1201E+18,PhyxiuS,Ferr_di_an,Hoax
Yuk teman-teman bantu gaungkan trus tagar #SaveTaulany dan #SaveErinTaulany #SaveTaulany #SaveErinTaulany,4/21/19 23:07,1.1201E+18,Mas_Ugyh,MasUgyh,Valid
"Mungkin @Fahrihamzah lupa apa pura pura lupa, mungkin anda lagi sibuk cari tweet anda ini trus mau di hapus ya. Hehehe #SaveTaulany #saveerintaulany ",4/21/19 23:07,1.1201E+18,Rangga Putra Â®,pratamarangga65,Hoax
#saveerintaulany,4/21/19 22:56,1.1201E+18,Felix S. Hasamin,fhasamin,Hoax
"Dan kalau dibilang senteng, gila, sakit jiwa marah2,,, padahal lebih senteng dr orang senteng, lebih gila dr orang gila, lebih sakit jiwa dr orang sakit jiwa,,,, #SaveErinTaulany",4/21/19 22:56,1.1201E+18,Bang Tinok,BangTinok,Valid
#saveerintaulany,4/21/19 22:56,1.1201E+18,Felix S. Hasamin,fhasamin,Hoax
#saveerintaulany,4/21/19 22:55,1.1201E+18,Felix S. Hasamin,fhasamin,Valid
Ini kalau dilaporin udah berapa ratus orang yg ketangkep. #SaveTaulany #saveerintaulany ,4/21/19 22:55,1.1201E+18,Rangga Putra Â®,pratamarangga65,Hoax
#SaveTaulany #SaveErinTaulany ,4/21/19 22:46,1.1201E+18,Aliya Muhib,ddarzah95,Hoax
#savetaulany #saveerintaulany ,4/21/19 22:41,1.1201E+18,Marta Devira,Mrtadvira,Valid
@andretaulany74 @erintaulany #SaveTaulany #SaveErinTaulany #staystrongandretaulany,4/21/19 22:40,1.1201E+18,Aliya Muhib,ddarzah95,Hoax
Nah! #SaveTaulany #SaveErinTaulany ,4/21/19 22:33,1.12009E+18,Chavals,charonita,Valid
"Mungkin mbak Erin terlalu jujur khum @CakKhum kagak bisa kayak Loe khum,,,, harusnya mbak Erik bilang: Prabowo itu sangat baik di mata kudanya #SaveErinTaulany",4/21/19 22:20,1.12009E+18,Bang Tinok,BangTinok,Hoax
"Yaelaah.. yg hina om @prabowo di Indonesia itu banyaaaakkkk.... ga lbh sedikit dr yg hina pakde @jokowi Cm krn kl ini istri artis yg bcr jd dibuat heboh Udah dehh jangan pd cari panggung.. klo semua naik, ntar panggungnya rubuh. Mauu..? #SaveTaulany #SaveErinTaulany",4/21/19 22:18,1.12009E+18,ForeverYoung,amellbuitenzorg,Hoax
"Apa kabar dengan Fahri Hamzah yang bilang Jokowi sinting & Fadli Zon yang bilang Jokowi PKI, kenapa gaada yang melaporkan mereka berdua sampai sekarang?? #SaveTaulany #saveerintaulany",4/21/19 22:14,1.12009E+18,justatadpole,kecebonglucu_,Valid
Nyata memang sakit siyap plesiden !! #SaveTaulany #saveerintaulany ,4/21/19 22:06,1.12009E+18,SagÂ â__q_MahakamRiverÂ âœŒJKW2Priode,DaykenUreq,Hoax
#SaveErinTaulany,4/21/19 21:59,1.12008E+18,arief dwi cahyono,adc1408,Valid
Ketersinggungan tidak otomatis membuat anda benar #saveerintaulany #SaveTaulany,4/21/19 21:51,1.12008E+18,Enong Khairi,EnOnG_19,Hoax
#SaveErinTaulany #SaveTaulany,4/21/19 21:51,1.12008E+18,Roni Syahroni,roni_ibrahim78,Hoax
#SaveTaulany #saveerintaulany,4/21/19 21:48,1.12008E+18,Mel Warga 01,warga_01,Valid
#SaveTaulany yg dibilang emak2 gaul nyata gk spt yg dibilang si mulut mencong itu #SaveTaulany #saveerintaulany,4/21/19 21:45,1.12008E+18,SagÂ â__q_MahakamRiverÂ âœŒJKW2Priode,DaykenUreq,Hoax
#SaveTaulany #saveerintaulany ,4/21/19 21:45,1.12008E+18,anTIK_Arini,AAntikarini,Valid
#SaveTaulany #saveerintaulany,4/21/19 21:39,1.12008E+18,ira humaira,BilqisKhira,Hoax
#SaveTaulany #SaveErinTaulany,4/21/19 21:38,1.12008E+18,dian sasthri,sasthriyu,Hoax
Mari selamatkan dia dari ikut ikutan kesintingan cebong #saveerintaulany,4/21/19 21:32,1.12008E+18,Pemburu Kadu,Dery24563043,Valid
#saveerintaulany #TampolFahryHamzah,4/21/19 21:30,1.12008E+18,IndraWL,wl_indra,Hoax
"andaipun menang, apakah orang dewasa yang waras akan mau dipanggil presiden, padahal belum ada hasil resmi apalagi dilantik MPR. #SaveTaulany #saveerintaulany",4/21/19 21:27,1.12008E+18,Yayok,Yayok99664839,Valid
#SaveTaulany #SaveErinTaulany #TampolFachryHamzah,4/21/19 21:24,1.12008E+18,IndraWL,wl_indra,Hoax
#SaveTaulany #SaveErinTaulany,4/21/19 21:22,1.12008E+18,IndraWL,wl_indra,Hoax
",..Seperti biasa teriakan tidak jelas tanpa mau membuktikan,..untuk tampil memalukan diri sendiri,.. #saveerintaulany #SaveTaulany",4/21/19 21:22,1.12008E+18,Hermansjah DHA,hermansjahdha,Valid
"Ya sudah lah ga usah repot. ANggap aja begitu kan sudah sama2 enak. Dia enak dianggap waras, situ enak liat yg minta dianggap waras. #SaveTaulany #saveerintaulany",4/21/19 21:22,1.12008E+18,Permadi #OPT1MIS,PermadiReds,Hoax
",..Orang seperti ini harus nya di bumi hanguskan di republik ini,..masih saja ada kaum yang selalu memakai dalil untuk menghalalkan segalanya dipercaya walaupun fitnah di depan nyata,.. #SaveTaulany #saveerintaulany",4/21/19 21:18,1.12007E+18,Hermansjah DHA,hermansjahdha,Valid
Expresi kekesalan ...ya wajarlah #saveerintaulany #saveerintaulany #saveerintaulany #saveerintaulany #saveerintaulany,4/21/19 21:11,1.12007E+18,Asther Busser,AstherJkt,Hoax
#SaveTaulany #SaveErinTaulany #saveerintaulany ,4/21/19 21:11,1.12007E+18,Firdaus Juven MBA,Bimagroup,Hoax
#SaveTaulany #SaveTaulany #SaveTaulany #SaveErinTaulany #SaveErinTaulany #SaveErinTaulany,4/21/19 21:03,1.12007E+18,Heri Indra,Heri_Indra31,Valid
"Erin Tulany sangat vokal, cerdas waras Bagaikan Kartini jaman NOW Bravo Erin Tulany #saveerintaulany",4/21/19 20:46,1.12007E+18,sabar setiabudi,sabar_setiabudi,Hoax
#SaveTaulany #saveerintaulany,4/21/19 20:34,1.12006E+18,#Jokowi2Periode,reviera141,Valid
#saveerintaulany Kamu betul,4/21/19 20:22,1.12006E+18,roosie setiawan,roosie13,Hoax
#SaveTaulany #SaveErinTaulany,4/21/19 20:19,1.12006E+18,Adeadeo,adea_deo,Hoax
#SaveErinTaulany,4/21/19 20:12,1.12006E+18,SUGIARTI,sugiarti_yo,Valid
Pancen 02 MENGONG berjamaah #SaveTaulany #saveerintaulany,4/21/19 20:10,1.12006E+18,Tika van Steenveldt,tika_sekti,Hoax
#saveerintaulany,4/21/19 20:10,1.12006E+18,Zulfan Sikumbang,ZulfanSikumbang,Valid
@RizmaWidiono ..prabowo harus cek kejiwaan #SaveErinTaulany,4/21/19 20:09,1.12006E+18,dsatoto,totok9nine,Hoax
Aahhh ciap pleciden #saveerintaulany,4/21/19 20:01,1.12005E+18,#SINTING#saveerintaulany,Juan_ramosh,Hoax
Trueeeee..... #SaveTaulany #saveerintaulany ,4/21/19 19:29,1.12005E+18,supermanalive,Judgebao5,Valid
Ashiiaap #saveerintaulany #saveerintaulany #saveerintaulany #SaveTaulany #SaveTaulany #SaveTaulany,4/21/19 19:28,1.12005E+18,ImAM S.,imamsant054,Hoax
"Lagi banyak yg hestek #saveerintaulany, disinilah letak akal sehat, masa orang salah dibelain yang benar itu, Save As Pelaku di penjara. ",4/21/19 19:26,1.12005E+18,mahluk hidup,belumdipake,Valid
Wkwkwkwkwk....berharap e #saveerintaulany,4/21/19 19:25,1.12005E+18,#SINTING#saveerintaulany,Juan_ramosh,Hoax
Gunakan otak sbgmana mestinya.. #SaveTaulany #saveerintaulany ,4/21/19 19:11,1.12004E+18,djeto catur,djeto_catur,Hoax
"Yg penting sudah... Siap..., Presiden. #02CurangTeriakCurang #SaveErinTaulany",4/21/19 19:06,1.12004E+18,_Ÿ‡®_Ÿ‡©Armyworm Â _Ÿ_‡Â _Ÿ”«,kolo_munyeng99,Valid
Siapa sebenernya yg lebih keterlaluan? Erin taulany atau kalian para pembully masal? #saveerintaulany ,4/21/19 19:04,1.12004E+18,Rahayuning R Joeda,Rizkitaj,Hoax
#SaveTaulany #saveerintaulany,4/21/19 18:57,1.12004E+18,A. Ulya,Fandi08946346,Valid
Goodnight #jogja #EVEMUN #Jus2_FOCUSTOURinJKT #saveerintaulany #ë°©íƒ„ì†Œë…„ë‹¨ #HappyEaster Sorry ribet hahaha,4/21/19 18:57,1.12004E+18,Gadis Desa,xAngelissa,Hoax
Adu data ja berani gak???? #saveerintaulany #SaveTaulany,4/21/19 18:55,1.12004E+18,Ulil Azmi,MrUlilAzmi,Hoax
#SaveTaulany #SaveErinTaulany,4/21/19 18:43,1.12004E+18,mrs.herlambang,mrs_herlambang,Valid
#SaveTaulany #SaveErinTaulany,4/21/19 18:38,1.12003E+18,P. Nugroho Â _Ÿ‡®_Ÿ‡©,nuook,Hoax
ga ke bayang jika 02 memipin bisa2 di kritik dikit langsung deh di penjarain #SaveTaulany #SaveErinTaulany,4/21/19 18:37,1.12003E+18,dwi,dwi21105945,Valid
#SAVEERINTAULANY,4/21/19 18:24,1.12003E+18,Prabu Joyoboyo,Jermia62369646,Hoax
"Mau DM istrinya andre taulani kasih semangat, tpi tdk punya IG. #saveerintaulany",4/21/19 18:16,1.12003E+18,AnaknyaSUHARTO,AnaknyaSuharto,Hoax
"Sebagai seorang laki-laki mungkin saya hanya pengecut. Terimakasih Erin Taulany telah mewakili suara kami. Selamat Hari Kartini untuk para perempuan hebat. Jejak digital itu kejam, berhati-hati lah. #SaveTaulany #saveerintaulany ",4/21/19 18:12,1.12003E+18,musang,jodhyregar_7,Valid
Aku sih yes #SaveTaulany #SaveErinTaulany ,4/21/19 18:11,1.12003E+18,Julian F Tambunan,julianjft,Hoax
#saveerintaulany,4/21/19 18:05,1.12003E+18,Brohoell,Brohoell,Valid
"Ayo @Fahrihamzah @ustadtengkuzul @fadlizon @Dahnilanzar @saididu tunjukan kejantanan mu, BERANI!!!.. Buat lu @Fahrihamzah jgn cuma koar2 di Sosmed.Tunjukan klo versi kalian lebih akurat.. #SaveErinTaulany ",4/21/19 18:05,1.12003E+18,EmLasdy,EmLasdy,Hoax
"Lahhhh, Terus Pak Jokowi dihina Selama 4,5 tahun sekeji itu anda diam saja. Dan yang dihina itu adalah simbol negara. Dan kalaupun Pak Jokowi mau mereka bisa saja dilaporkan. #Jokowi2Periode #SaveErinTaulany #AkalSehat #mikir",4/21/19 18:02,1.12003E+18,masyuli,setyoyuli032,Hoax
#SaveTaulany #saveerintaulany ,4/21/19 17:54,1.12002E+18,Kang Daun,daunbk,Valid
Gitu dong tunjukin bukti #SaveTaulany #SaveErinTaulany,4/21/19 17:53,1.12002E+18,Madie,bomalbae,Hoax
Tunjukin data dong... pengen tahu katanya jujur ko masih rahasia2an sih... nanti salah faham lho #SaveErinTaulany #SaveTaulany,4/21/19 17:51,1.12002E+18,Madie,bomalbae,Valid
#SaveTaulany #SaveErintaulany ,4/21/19 17:50,1.12002E+18,Rizal Valentino,R1z4LvaL3nTin0,Hoax
#saveerintaulany ... Aku sih Yes,4/21/19 17:44,1.12002E+18,PhilipS,petromak_lampu,Hoax
#SaveTaulany #saveerintaulany ,4/21/19 17:39,1.12002E+18,Wiwin,Wiwin97160658,Valid
Salam Waras ! #SaveTaulany #saveerintaulany,4/21/19 17:39,1.12002E+18,JAKA TARUNG,tarung_jaka,Hoax
#saveerintaulany,4/21/19 17:25,1.12002E+18,Abdi Suwito,AsSuwito,Valid
#SaveErinTaulany,4/21/19 17:22,1.12001E+18,Ellyana Y,Ellyana26721473,Hoax
#BantuKawalPemilu #SaveTaulany #SaveErintaulany,4/21/19 17:20,1.12001E+18,Mahisa Agni,MahisaAgni4,Hoax
#SaveTaulany #SaveErintaulany,4/21/19 17:18,1.12001E+18,Mahisa Agni,MahisaAgni4,Valid
Keep Strong Bu #saveerintaulany #savetaulany,4/21/19 17:16,1.12001E+18,Michael Ahonk,mike_ahonk8,Hoax
Erin memgungkapkan perasaan yang terdalam di hatinya.. eeh di laporin polisi.. ungkapan erin ada dasarnya.. ga asal dan bukan iseng.. org jujur di laporkan polisi.. nyebarin fakta dilaporkan ke polisi oleh penyebar hoax.. #SaveTaulany #SaveErinTaulany #PrabowoGila,4/21/19 17:15,1.12001E+18,JOHN VAN WILLEM,yogantercinta,Valid
Erin Taulany mewakili kegusaran saya...dan muak nya saya pada si MEGALOMANIA itu #SaveTaulany #SaveTaulany #SaveErinTaulany,4/21/19 17:14,1.12001E+18,Riezkimo,Parkkimmang,Hoax
Ayo kita retweet semua yg menghina pak jokowi #SaveTaulany #saveerintaulany,4/21/19 17:14,1.12001E+18,Wiwin,Wiwin97160658,Hoax
Dulu terima hasil QC...sekarang kagak...mau menang aja kagak mau kalah eeeuyyy ! Cc. @Gerindra #savetaulany #SaveErinTaulany #TNIPolriPahlawanPemilu,4/21/19 17:10,1.12001E+18,Yung369 #WelcomeBackBTP,yungyung369,Valid
Lagi santai. Jadi bantu tweet Save Erin Taulany. #saveerintaulany #savetaulany,4/21/19 17:10,1.12001E+18,Irsan S,HaoTweet,Hoax
#SaveTaulany #saveerintaulany,4/21/19 17:08,1.12001E+18,Kreshna W. Linarda,KreshnaQuet,Valid
Yup..menolak lupa...lain dulu...lain sekarang...plintat plintut ! Cc. @Gerindra #savetaulany #SaveErinTaulany #TNIPolriPahlawanPemilu,4/21/19 17:06,1.12001E+18,Yung369 #WelcomeBackBTP,yungyung369,Hoax
Erin salah yg benar prabowo dan pengikutnya pada sinting semua. #SaveTaulany #SaveErinTaulany,4/21/19 17:05,1.12001E+18,Mawar T Wijaya,MawarTanuWijaya,Hoax
"#SaveTaulany Serius mau tanya. Kl ini lanjut ke jalur hukum, apakah akan dilakukan test kejiwaan kpd pak prabowo utk membuktikan dia tdk gila seperti yg dituduhkan dan tuduhan @erintaulany itu salah.. @andretaulany74 yg sabar ya mas, support selalu istri anda #saveerintaulany",4/21/19 17:05,1.12001E+18,amin hidayat,aminnissan,Valid
Kocak #SaveTaulany #saveerintaulany,4/21/19 17:04,1.12001E+18,ãƒˆãƒŸãƒ_ç™_ Tà«_É±Ä«Ï‚ÒºÉ¿Õêà«_â„¢,SamuraiTomiyuki,Hoax
Yang pasti harus... #SaveTaulany #saveerintaulany,4/21/19 17:03,1.12001E+18,samsudin102 #88,samsudin102,Valid
Pak Ahok @basuki_btp memang fenomenal...musuh yg paling ditakutin gerombolan wowo setelah Pakde JKW ! #savetaulany #SaveErinTaulany #TNIPolriPahlawanPemilu,4/21/19 17:03,1.12001E+18,Yung369 #WelcomeBackBTP,yungyung369,Hoax
Yang ini? #SaveTaulany #saveerintaulany #SaveOurDemocracy,4/21/19 17:01,1.12001E+18,Numai,Numai96356911,Hoax
RT infoJATIASIH RT yusuf_dumdum: Yuk teman teman bantu gaungkan trus tagar #SaveTaulany dan #SaveErinTaulany sudah muncul di list TT ,4/21/19 17:01,1.12001E+18,Jatiasihâ„¢,infoJ4T14S1H,Valid
#saveerintaulany,4/21/19 16:59,1.12001E+18,vincent,mahendrattaTroy,Hoax
Sbg seorang ustadzah...sdhkah anda menghimbau umat utk menghentikan caci maki kpd Pakde Jokowi & pemerintah ? #savetaulany #SaveErinTaulany #TNIPolriPahlawanPemilu,4/21/19 16:56,1.12001E+18,Yung369 #WelcomeBackBTP,yungyung369,Valid
#SaveTaulany #SaveErinTaulany,4/21/19 16:55,1.12001E+18,Agba kristiyanto,AgbaKristiyanto,Hoax
#SaveErinTaulany #SaveTaulany #SaveTaulany #SaveTaulany #SaveTaulany,4/21/19 16:50,1.12001E+18,Jazzmanie,jazz80jbi,Hoax
#SaveTaulany #saveerintaulany,4/21/19 16:49,1.12001E+18,Kreshna W. Linarda,KreshnaQuet,Valid
#saveErintaulany ,4/21/19 16:48,1.12001E+18,Nasi pecel Pincuk,Widyast43944336,Hoax
#saveTaulany #saveerintaulany,4/21/19 16:47,1.12001E+18,Kreshna W. Linarda,KreshnaQuet,Valid
kapan gerombolan wowo mau buka2an ? kalo merasa benar kenapa takut sih ? #SaveTaulany #saveerintaulany #TNIPolriPahlawanPemilu,4/21/19 16:46,1.12001E+18,Yung369 #WelcomeBackBTP,yungyung369,Hoax
Laaah... lebih parah pendukung 02 #SaveTaulany #SaveErinTaulany,4/21/19 16:44,1.12001E+18,Firman TM,iFir17,Hoax
Yg menghina bapak jokowi malah lebih parah dan tidak berperi kemanusiaan. @savetaulany #saveerintaulany,4/21/19 16:43,1.12001E+18,Wiwin,Wiwin97160658,Valid
Pik lu tahu diri dan koreksi diri deh.. Lu baru nongol dari persembunyian udh koreksi orang??? Balikin pik pada pemiliknya #saveErintaulany ,4/21/19 16:43,1.12001E+18,Nasi pecel Pincuk,Widyast43944336,Hoax
tumben ngomong nya lurus kaya clurit..... ... ... #savetaulany #SaveErinTaulany,4/21/19 16:42,1.12E+18,Raga Katineung,Mpa_Mpi,Valid
"Ikutan kacau kl berhadapan dgn kelompok org sinting kita sehat dibilang sinting, woles bae. Nach diana sndr sinting dibilang sinting, eh baper... cpd... #saveerintaulany #SaveTaulany",4/21/19 16:42,1.12E+18,âù_Vy,NovietaSuyoso,Hoax
ni masih pantes... dan wajar.... kl yg kmren gmn ya... kira2 d lapori HN gak ya.... kelakuan dh gak beda..... mantap dek... skr boleh dan bisa mimpi apa aj... jd presiden pun blh... liat bpk jokowi... yg dr tk meubel... skr jd org no 1... semangat #savetaulany #saveerintaulany ,4/21/19 16:39,1.12E+18,Raga Katineung,Mpa_Mpi,Hoax
#SaveTaulany dan #SaveErinTaulany,4/21/19 16:39,1.12E+18,_Ÿ…°ï¸èdamantan,suka_komen,Valid
Dasar payah gitu aja lapor.. daya tahan tubuh anda lemah bapak.. apa lagi mau ngurus negara ini?anda kuat ?? Ga usah ngata2in sinting belum tentu anda juga waras lo mungkin malah anda yg sinting #SaveTaulany #saveerintaulany #SaveOurDemocracy,4/21/19 16:37,1.12E+18,mendoanÂ _Ÿç˜,CitraLupuss19,Hoax
"Deranged people. Guess, are they frustrated lunatic or pathological naive? Or ignorance seditioner? #SaveErinTaulany",4/21/19 16:37,1.12E+18,juni hegelstad,HegelstadJuni,Valid
#saveerintaulany Sebenarnya apa yg diungkapkan Erin Taulany adalah apa yg ingin diungkapkan sebagian besar dari kita. Kl aku malahan lebih dr sekedar sinting tapi... au ah gelap!,4/21/19 16:37,1.12E+18,Khairil Hamdy,khairil0760,Hoax
Selamat hari kartini erin #ErintaulanySakitJiwa #saveerintaulany #SaveOurDemocracy #SaveAndreTaulany,4/21/19 16:35,1.12E+18,Gian wira Harno,GianwiraH,Hoax
"Menang, sombong = Jumowo Kalah, nerimo = Legowo Kalah, ngaku menang = Wowo #SaveTaulany #saveerintaulany",4/21/19 16:34,1.12E+18,Aris Munand,arisemunand,Valid
Nahh.... itu pointnya. Klo yg skrg terjadi adalah buruk rupa malah kaca yg dipecahkan.... #SaveTaulany #saveerintaulany,4/21/19 16:33,1.12E+18,awas jebakan BATMAN (manusia kampret),A17DYS,Hoax
#SaveTaulany #SaveErinTaulany ,4/21/19 16:30,1.12E+18,Agus umbara,Agusumbara12,Valid
Saya dukung #saveerintaulany #SaveTaulany,4/21/19 16:30,1.12E+18,Roedhie,Roedhie,Hoax
"Dont worry, we are support you #SaveTaulany #saveerintaulany",4/21/19 16:29,1.12E+18,Ave,Aveitsme1,Hoax
#SaveErinTaulany ,4/21/19 16:29,1.12E+18,yudi.is,yudiistiono09,Valid
#saveerintaulany #SaveTaulany,4/21/19 16:26,1.12E+18,lamong,hudilamong,Hoax
Lanjut Bro El...ane pantengin #savetaulany #SaveErinTaulany ,4/21/19 16:25,1.12E+18,Yung369 #WelcomeBackBTP,yungyung369,Valid
Hukum tajam kebawah tumpul keatas Seperti itu yg sering mereka bilang kalo pas masa kampanye... Setelah kampanye keok ya beda lagi #SaveTaulany #saveerintaulany,4/21/19 16:24,1.12E+18,Tommy The Jack Man Â _Ÿ‡®_Ÿ‡©,TommyTheJackMa1,Hoax
#saveErintaulany... Komparasinya nih ,4/21/19 16:24,1.12E+18,Nasi pecel Pincuk,Widyast43944336,Hoax
#SaveErinTaulany,4/21/19 16:24,1.12E+18,Jeanjudith367@gmail.com,jeanjudith367,Valid
@Ivone_Hall #SaveErinTaulany,4/21/19 16:22,1.12E+18,Papua Wesprianus Heipon,wesprianus,Hoax
#SaveTaulany #SaveErinTaulany ,4/21/19 16:22,1.12E+18,aiiial_al,alwhindyarch,Valid
Terserah yg penting... #saveerintaulany #SaveTaulany #SaveTaulany,4/21/19 16:16,1.12E+18,samsudin102 #88,samsudin102,Hoax
We wont leave you behind #SaveTaulany #saveerintaulany,4/21/19 16:15,1.12E+18,ãƒˆãƒŸãƒ_ç™_ Tà«_É±Ä«Ï‚ÒºÉ¿Õêà«_â„¢,SamuraiTomiyuki,Hoax
#SaveTaulany #saveerintaulany,4/21/19 16:14,1.12E+18,ira humaira,BilqisKhira,Valid
#saveerintaulany #SaveTaulany #SaveTaulany,4/21/19 16:13,1.12E+18,ira humaira,BilqisKhira,Hoax
Agreed #SaveTaulany #saveerintaulany,4/21/19 16:12,1.12E+18,ãƒˆãƒŸãƒ_ç™_ Tà«_É±Ä«Ï‚ÒºÉ¿Õêà«_â„¢,SamuraiTomiyuki,Valid
"indonesia 0,5 sakit #SaveTaulany #saveerintaulany",4/21/19 16:11,1.12E+18,SADAR,Demas06,Hoax
Mirip2 junjungan sebelah deh...yg halu..delu..gelo #savetaulany #SaveErinTaulany,4/21/19 16:09,1.12E+18,Yung369 #WelcomeBackBTP,yungyung369,Hoax
Itu lah arogsnsinya Klmpok 02.. Full. Kesombongan SEMUANYA... MERATA... DARI ATAS NYA SMP. KE Bawah... kl. Jokowi tdk bernurah hati dan sabar idealnya manusia satu ini yg hrs dilaporkan krn dia menghina SANTRI2 DAN PRESIDEN RI YG sah #saveErintaulany ,4/21/19 16:08,1.12E+18,Nasi pecel Pincuk,Widyast43944336,Valid
"KRITIK DIKIT,KAFIR BERONTAK DIKIT,KOMUNIS BEGITU MENYERAMKANNYA MENGHADAPI MEREKA YANG MABOK AGAMA DAN KEKUASAAN #SaveTaulany #saveerintaulany",4/21/19 16:08,1.12E+18,HÌ¶aÌ¶iÌ¶kÌ¶aÌ¶lÌ¶ YÌ¶oÌ¶gÌ¶aÌ¶ PÌ¶rÌ¶aÌ¶tÌ¶aÌ¶mÌ¶aÌ¶ NÌ¶.,Mr_Itaaang,Hoax
#SaveErinTaulany,4/21/19 16:07,1.12E+18,surya,kucinggaul123,Valid
"Presiden yang tiap hari dihujat dihina dibikinin hoax dimaki warganya sendiri (pendukung capres abadi) beliau bisa sabar tuh Laini cuman capres yang lagi main presiden-presidenan dikatain sesuai kondisinya sesuai tingkahnya, kok pada baper wkwk #saveerintaulany #SaveTaulany",4/21/19 16:07,1.12E+18,_Ÿ__,nuraldi_,Hoax
Tangkap dan kandangkan fh karena telah melecehkan presiden Indonesia. #SaveTaulany #saveerintaulany ,4/21/19 16:07,1.12E+18,Rheykel. Br,Rheykel1,Hoax
#SaveTaulany #SaveErinTaulany #SaveWanQodir,4/21/19 16:05,1.12E+18,Addin,MIBAgent_,Valid
Sepakat #SaveTaulany #saveerintaulany ,4/21/19 16:04,1.12E+18,agus rudi,agus_rudi86,Hoax
"Erin Taulani sama muaknya dg kita semua. Seharusnya selesai pilpres dijadikan sbg happy day menunggu pengumuman KPU, sbgmana anakÂ_ SMA mnggu hsl UNBK mrk happyÂ_ aja. Bukan klaim sy lulus nilai bagus. #SaveErinTaulany #SaveTaulany",4/21/19 16:04,1.12E+18,Falah Yogiawan,falahyogi,Valid
#SaveTaulany #SaveErinTaulany ,4/21/19 16:04,1.12E+18,Tasun Mancunian,TMancunian507,Hoax
#SaveTaulany #SaveErinTaulany ,4/21/19 16:04,1.12E+18,Ad71eã€êãƒ„ã€‘Goodsector,adjie_badsector,Hoax
Orang sinting mana bisa baca dengan benar #SaveErinTaulany #SaveTaulany,4/21/19 16:03,1.12E+18,Madie,bomalbae,Valid
Banyak yg akan mendukungmu sis.. #SaveErinTaulany,4/21/19 16:02,1.11999E+18,spider onta,riad_taufik,Hoax
#SaveErinTaulany ,4/21/19 16:02,1.11999E+18,Mynameissayang,Alien64098168,Valid
Namanya juga sinting #SaveTaulany #SaveErinTaulany ,4/21/19 16:01,1.11999E+18,Madie,bomalbae,Hoax
"Kmrn sujud di makam, skrng keris di cium... waduhhh.. mau berkata kasar, nti pendukung nya marah.... tapiii koyo wong.... isi sndri Wkwkwk #SaveTaulany #SaveErinTaulany",4/21/19 16:00,1.11999E+18,NINAS Madridista,lhena66,Hoax
#SaveTaulany #SaveErinTaulany,4/21/19 15:58,1.11999E+18,alananash,nashnasstuff,Valid
Gaungkan #GerakanAkalSehat #SaveErinTaulany #SaveTaulany,4/21/19 15:57,1.11999E+18,Mas LEGO wo,masLEGOwowo,Hoax
#SaveTaulany #saveerintaulany ,4/21/19 15:56,1.11999E+18,long long long,Rima66708082,Valid
#SaveTaulany #SaveErinTaulany ,4/21/19 15:55,1.11999E+18,Mr Bob47,mrbob_47,Hoax
#SaveErinTaulany kalau erin taulani di proses maka FahriHamzah harus di proses juga,4/21/19 15:54,1.11999E+18,V-Lix,felix19300663,Hoax
Klo lo sinting gimana gus #SaveTaulany #SaveErinTaulany ,4/21/19 15:53,1.11999E+18,Madie,bomalbae,Valid
#saveErintaulany... Jgn gentar bnyk masyrkt yg mendukung... Hrs nya yg msk. Penjara manusia ini krn jokowi sah presiden RI.. ,4/21/19 15:51,1.11999E+18,Nasi pecel Pincuk,Widyast43944336,Hoax
#SaveTaulany #saveerintaulany ,4/21/19 15:49,1.11999E+18,DYAH APRILIANI K,Dapril_9,Valid
Makin semena2 aja juancok #SaveTaulany #SaveErinTaulany,4/21/19 15:48,1.11999E+18,Madie,bomalbae,Hoax
Istri Sunu ... Suci ... Kok kayak situasi sekarang ya Maling teriak maling. Dzolim teriak diDzolimi ... #SaveErinTaulany ,4/21/19 15:48,1.11999E+18,V-Lix,felix19300663,Hoax
#saveerintaulany #SaveTaulany,4/21/19 15:47,1.11999E+18,Fajar Arrahman,AvatRabbitry,Valid
#saveerintaulany,4/21/19 15:46,1.11999E+18,kANg wIEr,PriyoSiswanto5,Hoax
Ambisi bgt ni org pasti dulunya sering cacingan #saveerintaulany,4/21/19 15:46,1.11999E+18,aldo1897,mualda_simbolon,Valid
Hidup sinting #SaveTaulany #SaveErinTaulany ,4/21/19 15:46,1.11999E+18,Madie,bomalbae,Hoax
pakdhe jokowi kemarin di hina di caci kalian pada kemana netijen? kampret emang. #SaveTaulany #saveerintaulany ,4/21/19 15:45,1.11999E+18,Taufan Putra,taufanHAP,Hoax
#SaveErinTaulany,4/21/19 15:43,1.11999E+18,V-Lix,felix19300663,Valid
"Hadits di gaungkan hanya untuk kaum cebong, sangat tidak objektif umi ini tentunya, bukannya yang lebih kotor itu mulutnya kubu sebelah yah....wajar d bilang sin_ing Kalah QC ko klaim menang 62%.... #SaveTaulany #saveerintaulany",4/21/19 15:43,1.11999E+18,alvienzaekadhyatma,Alvienzaekaa,Hoax
So please gaungkan tagar #SaveErinTaulany,4/21/19 15:42,1.11999E+18,V-Lix,felix19300663,Valid
Pada diam kampret ... Simbol negara dihina ... Yg ngimpi malah di sembah puja #SaveErinTaulany,4/21/19 15:42,1.11999E+18,V-Lix,felix19300663,Hoax
"Setiap orng psti melkukan kslahan. Sdh mjd tgas kita utk sling mngingatkn dlm hal kebaikan dan caranya pn hrs dg cara yg baik. Bkn dg caci & maki. So, jgn so bener lh jdi orang. #SaveTaulany #saveerintaulany #staystrongandretaulany",4/21/19 15:41,1.11999E+18,Aliya Muhib,ddarzah95,Hoax
"#SaveTaulany untuk calon dikatator dan pengikutnya, ga usah panik dan baper ya. #SaveTaulany #saveerintaulany #AlhamdulillahDuaPeriode",4/21/19 15:41,1.11999E+18,nu_kaffah,nu_kaffah,Valid
#SaveTaulany emang nya napa mbak ?? #SaveErinTaulany,4/21/19 15:40,1.11999E+18,V-Lix,felix19300663,Hoax
Waduh... #SaveTaulany #SaveErinTaulany #Prabowo #Pilpres2019 #Jokowi,4/21/19 15:36,1.11999E+18,Koruptor itu Penista,syakirasyakir,Valid
Gua dukung #SaveTaulany dan #SaveErinTaulany,4/21/19 15:36,1.11999E+18,V-Lix,felix19300663,Hoax
#SaveErinTaulany #SaveTaulany,4/21/19 15:35,1.11999E+18,@fand sufriadi,fand09098393,Hoax
#SaveErinTaulany ..,4/21/19 15:35,1.11999E+18,Yudin Izza,Yudin75005645,Valid
#SaveErinTaulany #SaveTaulany #SaveErinTaulany #SaveTaulany #SaveErinTaulany #SaveTaulany #SaveErinTaulany #SaveTaulany,4/21/19 15:33,1.11999E+18,Sahara2812,Sahara2812,Hoax
#SaveTaulany #SaveTaulany #saveerintaulany,4/21/19 15:33,1.11999E+18,bapathy,bapathy1,Valid
#SaveTaulany #SaveErinTaulany #SaveTaulany #SaveErinTaulany #SaveTaulany #SaveErinTaulany #SaveTaulany #SaveErinTaulany #SaveTaulany #SaveErinTaulany ,4/21/19 15:30,1.11999E+18,BukanOrangDungu,edo_great,Hoax
dont worry bang.... TNI & POLRI udh mantau kok.... just wait n see aja. kita gak boleh kepancing sm tindakan gila mereka. biar jd urusan aparat #SaveTaulany #saveerintaulany,4/21/19 15:27,1.11999E+18,Cangkem Bosok,bosokcangkem,Hoax
Kampret itu bisa di-fogging gak sih? Selama ini aku males lho pakai dikotomi cebong-kampret. Tapi kali ini aku GMZ! #SaveTaulany #saveerintaulany,4/21/19 15:26,1.11999E+18,Mereka Bilang Saya Judes,DidiCahya,Valid
Kami bersama @erintaulany #SaveErinTaulany #SaveTaulany,4/21/19 15:25,1.11999E+18,Pungky,PungkyStarr,Hoax
mari kita sebut BPN SINTING !! #saveerintaulany #SaveTaulany,4/21/19 15:23,1.11999E+18,Cangkem Bosok,bosokcangkem,Valid
#SaveErinTaulany,4/21/19 15:23,1.11998E+18,Anny,annyna77,Hoax
saya tinggal dimana ini #SaveErinTaulany ,4/21/19 15:22,1.11998E+18,Putu Nita Verayani,veraninditaa,Hoax
FAHRI HAMZAH ngatain PRESIDEN RI YANG SAH dengan kata sinting. Erin Taulany ngatain CAPRES ABADI pake kata GILA. beda ? BEDA !! #SaveTaulany #saveerintaulany,4/21/19 15:21,1.11998E+18,Cangkem Bosok,bosokcangkem,Valid
Menolak lupa SINTING! #SaveTaulany #SaveErinTaulany ,4/21/19 15:21,1.11998E+18,kang macul keliling,SudjiwoM,Hoax
#SaveTaulany #saveerintaulany ,4/21/19 15:21,1.11998E+18,Felix,felix_panjaitan,Valid
#saveErintaulany.. Menolak lupa ,4/21/19 15:20,1.11998E+18,Nasi pecel Pincuk,Widyast43944336,Hoax
#SaveErinTaulany ,4/21/19 15:20,1.11998E+18,Madie,bomalbae,Hoax
"Giliran kampreters ngina Jokowi, bebas aja Nah giliran junjunganny dbilang gila, malah protes..kan kampret #SaveTaulany #SaveTaulany #SaveErinTaulany",4/21/19 15:19,1.11998E+18,â„ù_ù•€_ù•__ù•€_ù•‹_ù”¸_ù•_ _ù”__ù•Œ_ù•‚_ù”¸â„•,GiovanzaPatrick,Valid
#SaveTaulany #SaveErinTaulany ,4/21/19 15:19,1.11998E+18,Arief 3 Belas,AriefBelas,Hoax
#SaveTaulany #SaveErinTaulany,4/21/19 15:19,1.11998E+18,Arief 3 Belas,AriefBelas,Valid
#SaveErinTaulany,4/21/19 15:19,1.11998E+18,romlisav,romlisav,Hoax
lanjut #SaveTaulany dan #SaveErinTaulany,4/21/19 15:18,1.11998E+18,jancuknjaran,j0s4,Hoax
#SaveTaulany #saveerintaulany,4/21/19 15:17,1.11998E+18,@fand sufriadi,fand09098393,Valid
"Pak Prabowo gak gila apalagi sinting, hanya saja beliau sedikit mengalami gangguan kejiwaan #SaveTaulany #saveerintaulany #SaveTaulany",4/21/19 15:17,1.11998E+18,Anikkkk,Anikkkk_,Hoax
#SaveTaulany #SaveErinTaulany #SaveTaulany #SaveErinTaulany #SaveTaulany #SaveErinTaulany #SaveTaulany #SaveErinTaulany #SaveTaulany #SaveErinTaulany,4/21/19 15:17,1.11998E+18,BukanOrangDungu,edo_great,Valid
#SaveTaulany #saveerintaulany,4/21/19 15:17,1.11998E+18,Nanda Mahardika,N_Mahardika17,Hoax
#SaveTaulany #SaveErinTaulany #SaveTaulany #SaveErinTaulany #SaveTaulany #SaveErinTaulany #SaveTaulany #SaveErinTaulany #SaveTaulany #SaveErinTaulany #SaveTaulany #SaveErinTaulany #SaveTaulany #SaveErinTaulany #SaveTaulany #SaveErinTaulany #SaveTaulany #SaveErinTaulany,4/21/19 15:16,1.11998E+18,BukanOrangDungu,edo_great,Hoax
Sabar... orang sabar di sayang pacar.... #SaveTaulany #SaveErinTaulany,4/21/19 15:16,1.11998E+18,NINAS Madridista,lhena66,Valid
#saveerintaulany ,4/21/19 15:13,1.11998E+18,masboy_official,official_masboy,Hoax
Support #saveerintaulany #SaveTaulany,4/21/19 15:13,1.11998E+18,inkun,nu_her,Valid
Jangan gentar mba Erin #saveerintaulany #SaveTaulany,4/21/19 15:13,1.11998E+18,M. Luqman hakim,MLuqman56427211,Hoax
"Hrs nya FH jg dilaporin, udh blng presiden sinting #SaveTaulany #SaveErinTaulany ",4/21/19 15:12,1.11998E+18,NINAS Madridista,lhena66,Hoax
#SaveTaulany #saveerintaulany ,4/21/19 15:12,1.11998E+18,Chavals,charonita,Valid
#SaveTaulany #SaveTaulany #saveerintaulany #SaveTaulany #SaveErinTaulany ,4/21/19 15:11,1.11998E+18,Shanty Parhusip,ParhusipShanty,Hoax
"Karena setiap hinaan yang keluar dari mulutnya @Fahrihamzah akan menjadi hakim atas dirinya sendiri.... #SaveTaulany , #SaveErinTaulany , #saveerintaulany ",4/21/19 15:11,1.11998E+18,FLORIUS MANAO,ManaoFlorius,Valid
Hajar terus mba Erin. #saveerintaulany #SaveTaulany,4/21/19 15:10,1.11998E+18,M. Luqman hakim,MLuqman56427211,Hoax
Tp blum di acc permintaan keluar nya ma ketua komunitas itu.... #SaveTaulany #SaveErinTaulany,4/21/19 15:10,1.11998E+18,NINAS Madridista,lhena66,Hoax
Lantang kan suara mu mba Erin #saveerintaulany #SaveTaulany,4/21/19 15:09,1.11998E+18,M. Luqman hakim,MLuqman56427211,Valid
#SaveTaulany #SaveErinTaulany,4/21/19 15:08,1.11998E+18,NINAS Madridista,lhena66,Hoax
"#SaveTaulany #saveerintaulany sebenernya saya capek dgn kubu sebelah, nyari celah mulu",4/21/19 15:07,1.11998E+18,Latifatur Rohmah,rohmahlatifah,Valid
#SaveTaulany #SaveErinTaulany,4/21/19 15:07,1.11998E+18,Emmi.siregar,Emmy8412,Hoax
We stand with u @erintaulany #saveerintaulany #SaveTaulany Keep strong!,4/21/19 15:07,1.11998E+18,âù_pedals,tie3112,Hoax
#SaveTaulany #Saveerintaulany ,4/21/19 15:07,1.11998E+18,Robert 868686,robert868686,Valid
Sederhana saja koq. Cuma kurang 1 alat buat BPN. Kaca! Yaah.. BPN perlu ngaca. #SaveTaulany #SaveErinTaulany,4/21/19 15:06,1.11998E+18,Hitta Rossen,Hittarossen,Hoax
"Saya yakin mba erin nilai sastra nya pasti jelek, ada namanya majas dan kiasan, mengapa hrs pilih kata yg sebenarnya. #SaveTaulany #saveerintaulany",4/21/19 15:06,1.11998E+18,Î›nonim,Iragesimaa,Valid
"Mungkin UU ITE perlu dihapus, biar aku bisa berpendapat dengan bebas! #saveerintaulany menurut kalian gimana? #savebbm",4/21/19 15:05,1.11998E+18,Saridin,udinhou,Hoax
Hati2 diErinkan. #SaveTaulany #SaveErinTaulany,4/21/19 15:05,1.11998E+18,Soni mr,Sky_marryland,Hoax
"Suka nya ngatain orang, tapi klo gantian di katain langsung main lapor... Dasar Baperan, efek kebanyakan main Pleciden plecidenan #SaveTaulany #saveerintaulany",4/21/19 15:05,1.11998E+18,Darmawan,Darmawa86278365,Valid
Yg menghina presiden yg asli tlg di laporin juga.jgn yg menghina presiden2an aja yg di laporin. #saveErinTaulany,4/21/19 15:04,1.11998E+18,faridaariyani,idalovejaesmine,Hoax
#saveerintaulany #saveerintaulany #SaveTaulany #SaveTaulany,4/21/19 15:04,1.11998E+18,einald choleq htp..,EinaldCholeq,Valid
#SaveTaulany #SaveErinTaulany #SaveSanity,4/21/19 15:04,1.11998E+18,(bukan) Power Ranger Merah,WongisJawanicus,Hoax
Iya netijen emang gitu sudah pada ketularan junjungannya pada sakit jiwa #SaveTaulany #SaveErinTaulany,4/21/19 15:03,1.11998E+18,lelaki jenggot putih,MinataNyoman,Hoax
#SaveTaulany #SaveErinTaulany,4/21/19 15:03,1.11998E+18,Joim,Joim19M,Valid
@SondoroMusic ....aneh comedian di perkarakan #saveerintaulany,4/21/19 15:02,1.11998E+18,Pandhu,pandhu703,Hoax
#saveerintaulany,4/21/19 15:02,1.11998E+18,H0534,hosa15,Valid
#saveerintaulany #saveerintaulany #saveerintaulany #saveerintaulany,4/21/19 15:02,1.11998E+18,Toloose,toloose25,Hoax
"#saveerintaulany, ingat kubu 02 juga sering menghina dan menfitnah pak jokowi, bagaimana kalau kita laporkan polisi",4/21/19 15:01,1.11998E+18,Noer Putra,NoerPutra70,Hoax
"Dulu jg FH blng jokowi sinting, tp kok adem2 ajj... skrng prabowo di blng sinting knpa pendukung nya marah... #SaveTaulany #SaveErinTaulany ",4/21/19 15:01,1.11998E+18,NINAS Madridista,lhena66,Valid
Lebih percaya akal sehal!!! #SaveTaulany #saveerintaulany #KPUSelaluTransparan,4/21/19 14:59,1.11998E+18,Scopiez Manroe,scopiez,Hoax
"Setiap orang yang berakal sehat, pasti bakal nyebut @prabowo begitu jangan takut mba Erin #SaveTaulany #saveerintaulany",4/21/19 14:59,1.11998E+18,M. Luqman hakim,MLuqman56427211,Valid
CALON PRESIDEN UKRAINA SEORANG KOMEDIAN!! #IndonesiaFraudElection #BPNKawalSuaraKami Sri Lanka #SaveTaulany #TNIPolriPahlawanPemilu #EVEMUN #saveerintaulany #DaruratC1Plano Readmore this link ,4/21/19 14:58,1.11998E+18,Peter Prayogo,PeterPrayogo,Hoax
#SaveTaulany #SaveErinTaulany ,4/21/19 14:58,1.11998E+18,mimin akun goship,minhoo23,Hoax
Umi pipik sedang membela tuhannya. Dengan hadits pilihannya. #saveerintaulany #SaveTaulany,4/21/19 14:57,1.11998E+18,RIO,SkyRio999,Valid
Q posisi di LN jg masuk list TT #SaveTaulany #saveerintaulany ,4/21/19 14:57,1.11998E+18,#Â _Ÿ‡®_Ÿ‡©_COYG,AntiH0ax,Hoax