full_text,created_at,id_str,user_name,user_screen_name,label
"Banyak Klaim Kemenangan Pilpres 2019, Tim Hore Mengalami Gangguan Kejiwaan. #beritaViral #pilpres2019 #pemilu2019 #JanganCurangiSuaraRakyat #AvengersEndgame #CAleg",4/25/2019 4:28,1.12127E+18,Viral Hari Ini,viralhariini,HOAKS
(Berita | Memahami Quick Count dan Real Count: Beda Kerja tapi Hasil Identik) #pemilu #pemilu2019,4/24/2019 23:20,1.12119E+18,PEMILU 2019,pemilu_org,HOAKS
Mari Jadikan Pemilu untuk Perdamaian Pemilu untuk Kemajuan Bangsa #Pemilu2019 Mbah Kiai Maimoen Zubair #Roadshow #LiveEvent #HaflahImtihan @TV9NUsantara @ayomondok,4/24/2019 16:05,1.12108E+18,Hakim Jayli,hakimjayli,HOAKS
Kakak-Adik Lolos ke Kursi Legislatif #CalegBali #berita #nusabali #Pileg2019 #Pemilu2019 #GusBota,4/25/2019 1:53,1.12123E+18,NusaBali.com,nusabalicom,HOAKS
PAN di DIY membuat catatan tentang pencalegan kader-kadernya. Tiga anak Amien Rais terpilih sebagai wakil rakyat dari daerah tersebut dengan dukungan besar. #Pemilu2019 ,4/25/2019 4:10,1.12127E+18,‚ó¨,xuiaw,HOAKS
Banyaknya petugas KPPS yang meninggal dunia dan sakit memunculkan wacana untuk mengkaji ulang pemilu serentak. #Pemilu2019 ,4/25/2019 3:46,1.12126E+18,detikcom,detikcom,VALID
Sekalian aja 100% pak. Biar PUASSS !! lahir bathin. #Pemilu2019 #pilpres2019,4/25/2019 4:19,1.12127E+18,#DamaiIndonesiaku,adamlfs,VALID
"Di Sumut, Ada 7 Petugas KPPS Meninggal Dunia #Pemilu2019",4/24/2019 17:54,1.12111E+18,VIVAcoid,VIVAcoid,VALID
"Pengambilan Saham Freeport dan Pilpres seperti sama cara nya. Semakin hari terbukti kelakuan rezim ini. Kolusi , Korupsi, Nepotisme, terus merajalela. #2thnPerjuanganKorbanPHK_Freeport #Pemilu2019 #QuickCount #Pemilu2019 #Pilpres2019 #Pilpres2019 #QuickCount #Freeport",4/25/2019 4:18,1.12127E+18,üí¢West Papuan¬†üí¢,franhard,HOAKS
"Datangi KPU, Mahfud MD: Kekeliruan Hanya 0,0004 Persen #Pemilu2019 #RakyatButuhDamai",4/25/2019 4:18,1.12127E+18,Pengikut Ulama Shalih,JusufMuslim,VALID
"Saya harap kita mendapat barokah dari acara ini dan tidak lupa bersyukur atas nikmat kerukunan, perdamaian dan persatuan yang menaungi negeri kita tercinta. #Pemilu2019 #Pilpres2019",4/24/2019 15:23,1.12107E+18,K.H. Ma‚Äôruf Amin,KHMarufAmin_,VALID
Petugas KPU dan para saksi partai bekerja keras di GOR Jaktim. Perjalanan masih panjang dan pastinya melelahkan. Mari dukung teman2 kt itu dgn TIDAK mengatakan kecurangan sdg berlangsung. #KPUTransparan #Pemilu2019 ,4/24/2019 16:13,1.12108E+18,ini rico,enricoha,VALID
Innalillahi... KPU: 144 Petugas KPPS Meninggal pada #Pemilu2019 ,4/25/2019 4:13,1.12127E+18,Kopa Sandi 02,pemilu5th,VALID
#JokoWinElection #JokoWinElection #02KalahTerusBohong #02CurangTeriakCurang #Pemilu2019 ,4/25/2019 4:11,1.12127E+18,Aqilla Humaira,AqillaHumaira5,VALID
"Kami TNI Polri siap kawal seluruh tahapan Pemilu guna terlaksananya Pemilu di Kota Bengkulu yang aman, damai dan sejuk. . #tnipolribentengnkri . #bengkulu #poldabengkulu #viral #trending #poldabengkulu #polresbengkulukota #pemilu2019 #pemilumestiaman #tnipolri #tnipolriamankantps",4/25/2019 4:11,1.12127E+18,POLDA BENGKULU,poldabengkulu,HOAKS
#PilPres2019 ‚Äî #Pemilu2019,4/24/2019 21:08,1.12116E+18,#HelloWorld ¬†üÜô,DennyNoor,HOAKS
#pemilu2019 #politik #JokowiLagi #01IndonesiaMaju #JokowiOrangnyaBaik #KPUSelaluTransparan,4/25/2019 1:50,1.12123E+18,Putra Haryanto,PutraHaryanto11,VALID
"Kami TNI Polri siap kawal seluruh tahapan Pemilu guna terlaksananya Pemilu di Kota Bengkulu yang aman, damai dan sejuk. @poldabengkulu #pemilu2019 ",4/25/2019 4:10,1.12127E+18,POLRES BENGKULU,POLRESBENGKULU,HOAKS
"YM @KPU_ID YM @bawaslu_RI YM @DivHumas_Polri YM @Puspen_TNI YM @DPR_RI YM @mprgoid Mhn Izin saya panggil YM:Yg Mulia. Tlah ada korban jiwa para pengawal Kedaulatan Suara Rakyat #Pemilu2019 Mhn muliakan para pahlawan demokrasi,jgn Khianati Rakyat. Jaga Amanat Rakyat #pemiluJURDIL",4/25/2019 1:56,1.12123E+18,R. Agus Nurdin ¬†üëÜ¬†‚úå,gusnur21,VALID
PAN di DIY membuat catatan tentang pencalegan kader-kadernya. Tiga anak Amien Rais terpilih sebagai wakil rakyat dari daerah tersebut dengan dukungan besar. #Pemilu2019 ,4/25/2019 4:09,1.12127E+18,detikcom,detikcom,VALID
#Pemilu2019 #Apr24 #BawasluMengawasi #Awasi_Cegah_Tindak Kalimantan Barat,4/24/2019 15:44,1.12108E+18,Ruhermansyah,ruhermansyah,HOAKS
"Siapapun yang memang #Pemilu2019 saya usul kepada masyarakat yang terlibat dalam pelaksanaannya, bisa diberikan #KartuPascaKerja. Menjadi penyelenggara pemili itu berat lho. #UsulUsilAja",4/24/2019 15:22,1.12107E+18,Achmad Marzoeki,KangJuki,HOAKS
#infosumbar #sumbar #infominang #jurdil #jujur #adil #damai #Pemilu2019 #padang ,4/25/2019 4:08,1.12126E+18,Supri Jayadi,SupriJayadi4,VALID
Lebih baik nyimak bersosmed #harinyimaknasional #pemilu2019,4/24/2019 15:24,1.12107E+18,Bardien.revolt07,Bardien7,VALID
"Real Count KPU 33%, Jokowi-Maruf 56% dan Prabowo-Sandi 44% #TauCepatTanpaBatas #Pemilu2019 #GueGakGolput.",4/25/2019 3:38,1.12126E+18,Okezone,okezonenews,HOAKS
Kamfret Kamfreters Ngancam PERSEKUSI niyeeeeeeeeeeeeeeeeee @DivHumas_Polri #Pilpres2019 #Pemilu2019,4/25/2019 1:18,1.12122E+18,Rhoma Ihrama,RhomaIhrama,VALID
Prosesi salat gaib berlangsung khusyuk. Setelah salat tak ada petugas yang beranjak keluar dari masjid. Para anggota langsung duduk melingkar dan membaca Surat Yassin kemudian dilanjutkan tahlil. #Pemilu2019 ,4/25/2019 4:07,1.12126E+18,detikcom,detikcom,VALID
" Suhu Politik Masih Memanas, ISMAHI Desak KPU Dan Bawaslu Lebih Profesional Selengkapnya #Bawaslu #KPU #Indonesiaku #Ciayumajakuning #rmol #Pemilu2019 #Pilpres2019",4/25/2019 2:18,1.12124E+18,RMOL Jabar Biro Ciayumajakuning,RmolBiro,VALID
TNI-POLRI MENGAWAL DAN MENJAMIN PILEG DAN PILPRES 2019. . . . #TniPolriJaminPemilu2019Aman #Pemilu2019 #Pilpres2019 #PemiluDamai #PoldaPapua #PolriProMoTer #polresyahukimo ,4/25/2019 4:05,1.12126E+18,Polres Yahukimo,PolresYahukimo,HOAKS
Masyarakat kec. Maja Kab. Lebak sepakat bersabar menunggu dan menerima keputusan KPU #pemilu2019 #TNIPolriJagaPemiluDamai #hasilpemilu2019 #pilpresdamai,4/25/2019 4:04,1.12126E+18,Polres Lebak,polres_lebak,HOAKS
Perlukah dibentuk TPF Kecurangan #Pemilu2019? Sangat Perlu! Krn hanya ada satu kata mewakili #Pemilu2019: CURANG! #KawalSuaraPemilu2019 Dukung Uda @fadlizon @Fahrihamzah @DPR_RI bentuk Pansus!,4/25/2019 4:04,1.12126E+18,Nissa Rengganis,NissRengganis,VALID
Kpu: Setiap Hari Ratusan Hacker Coba Retas Situs Kami (dok.republika24/4/19) #119FatalityKetuaKPUMundur #JanganCurangiSuaraRakyat #Pemilu2019 #RealCountKPUdimiripkanQC Apakah ini Hackernya ,4/25/2019 2:32,1.12124E+18,Kariozz,Kariozz1,VALID
"The race of #pemilu2019 #instagood #photooftheday #igers #instagram #photography #nofilter #followme #sony #jepretology @Lapangan Sempur, Istana Bogor ",4/25/2019 3:18,1.12125E+18,Ridha Maasir,imaasir,HOAKS
"Kalau kalah nggak ngakuin kekalahannya, kurang greget mungkin ya. #01IndonesiaMaju #01TheChampion #Pemilu2019 ",4/24/2019 15:21,1.12107E+18,HasanAri_skak2,HasanAri_skak2,VALID
(Berita | Bupati Wajo Hadiri Pelantikan Bupati Pinrang) #pemilu #pemilu2019,4/24/2019 17:37,1.12111E+18,PEMILU 2019,pemilu_org,VALID
"Bersemangat Jadi Anggota KPPS, Perempuan di Blora Ini Keguguran #kpps #pemilu2019 #blora #keguguran",4/25/2019 1:16,1.12122E+18,Daniel Attila,danielAprasaja,VALID
Kemenkeu optimis pertumbuhan konsumsi rumah tangga akan membaik . . #konsumsi #konsumsirumahtangga #pertumbuhan #pertumbuhanekonomiindonesia #ekonominasional #pemilu2019 #bansos #pemerintahpeduli #indonesiaku,4/25/2019 3:56,1.12126E+18,untuk_bangsaku,untuk_bangsaku1,VALID
"#Kolom Ulama seyogyanya mampu mengajak umat tetap tenang menjaga persatuan dan keutuhan. Sebagai salah satu elite di negeri ini, ulama harus menampilkan keluhuran sikap berpolitik. Menjadi motor rekonsiliasi dua kelompok. #Pemilu2019 ",4/25/2019 3:56,1.12126E+18,‚ó¨,xuiaw,VALID
Syahganda Buka-bukaan Propaganda Hasil Survei Denny JA Di Depan Bawaslu #Pemilu2019 #Pilpres2019 @Bawaslu_RI @DennyJA_WORLD,4/25/2019 0:59,1.12122E+18,Prijanto Rabbani,RabbaniIdeas,HOAKS
Prosesi salat gaib berlangsung khusyuk. Setelah salat tak ada petugas yang beranjak keluar dari masjid. Para anggota langsung duduk melingkar dan membaca Surat Yassin kemudian dilanjutkan tahlil. #Pemilu2019 ,4/25/2019 4:10,1.12127E+18,‚ó¨,xuiaw,VALID
(Berita | Kabar Duka: 33 Petugas Panwaslu Wafat selama Pemilu 2019) #pemilu #pemilu2019,4/24/2019 17:26,1.1211E+18,PEMILU 2019,pemilu_org,VALID
Proyeksi CORE terkait pertumbuhan ekonomi konsumsi rumah tangga . . #konsumsi #konsumsirumahtangga #pertumbuhan #pertumbuhanekonomiindonesia #ekonominasional #pemilu2019 #bansos #pemerintahpeduli #indonesiaku,4/25/2019 3:55,1.12126E+18,untuk_bangsaku,untuk_bangsaku1,HOAKS
Jaga pancasila #Pemilu2019 #cegahhoax #Indonesia,4/25/2019 3:18,1.12125E+18,NKRI.GardaDepan,garudaNKRI2019,HOAKS
#Pemilu2019 ,4/24/2019 23:17,1.12119E+18,Tiada kemuliaan tanpa islam,AfifSaefullohh,VALID
 #SaveBawaslu #Pemilu2019 #IndonesiaMaju,4/25/2019 0:12,1.12121E+18,Sheila Mastauri,mastauri,HOAKS
"(DETIKCOM | BPN Diundang ke Lokasi Hitung Suara TKN, Mardani: Mari Merujuk KPU) #pemilu #pemilu2019",4/25/2019 3:58,1.12126E+18,PEMILU 2019,pemilu_org,HOAKS
RULES OF SURVIVAL MAU DITUTUP ?? #jumatberkah #JokowiSekaliLagi #2019gantipresiden #jakarta #pemilu2019 #capres #gamer,4/24/2019 20:56,1.12116E+18,gamerspeed,gamerspeed6,VALID
"Semangat Menerima Kekalahan - #pemilu2019, #PemiluDamai",4/25/2019 3:50,1.12126E+18,Antonius Steven Un,antoniussteven,VALID
(CNN Indonesia | PPLN Sydney Bisa Kena Pidana Jika Tak Gelar Pemilu Lanjutan) #pemilu #pemilu2019,4/24/2019 23:03,1.12119E+18,PEMILU 2019,pemilu_org,VALID
"(DETIKCOM | Pilpres-Pileg Sulit Dipisah Lagi, Ahli Ini Tawarkan Alternatif) #pemilu #pemilu2019",4/25/2019 3:48,1.12126E+18,PEMILU 2019,pemilu_org,VALID
Positif hingga akhir tahun #konsumsirumahtangga #kementeriankeuangan #kemenkeu #srimulyani #kemenko #ekonomi #ekonomimaju #ekonominasional #ekonomiindonesia #indonesia #indonesiamaju #indonesiahebat #jokowi #prabowo #pilpres2019 #pemilu2019 ,4/25/2019 3:48,1.12126E+18,Gerak Maju,MajuGerak,HOAKS
Memasuki kuartal II akan semakin positif dengan bukan Ramadhan #konsumsirumahtangga #kementeriankeuangan #kemenkeu #srimulyani #kemenko #ekonomi #ekonomimaju #ekonominasional #ekonomiindonesia #indonesia #indonesiamaju #indonesiahebat #jokowi #prabowo #pilpres2019 #pemilu2019 ,4/25/2019 3:47,1.12126E+18,Gerak Maju,MajuGerak,HOAKS
"Seorang anggota DPRD sragen Tewas dihabisi pelaku dengan racun tikus, pelaku kesal karena disuruh mencari dana kampanye 750jt #BeritaTerkini #beritaterbaru #beritakriminal #JanganCurangiSuaraRakyat #pemilu2019 #pilpres2019 #AvengersEndgame",4/25/2019 3:47,1.12126E+18,Viral Hari Ini,viralhariini,VALID
Update #BentukTPFkecuranganPilpres #AuditForensikKPU #Pemilu2019 ,4/25/2019 3:46,1.12126E+18,üáÆüá©€ûUSYAIM€û¬†üáµüá∏,jagasakajawa,VALID
Hari gini masih ngomongin politik?? Haduh Avengers End Game dong #AvangersEndgame #Pemilu2019,4/25/2019 1:47,1.12123E+18,ILHAM GEDE,ilhamsaps,VALID
(Berita | Ketua BPN Djoko Santoso : Pemilu 2019 Paling Jelek) #pemilu #pemilu2019,4/25/2019 3:45,1.12126E+18,PEMILU 2019,pemilu_org,VALID
"Orang Gila Disuruh Nyoblos, Tinta Pemilu Mau Diminum ‚Äï #Pemilu2019 #119FatalityKetuaKPUMundur #PejuangPenjagaSuara02",4/24/2019 17:07,1.1211E+18,NUSANEWS.ID,nusanewsid,VALID
Orderan via #lazada @nandiashop #brosmurah #broskebaya #broskutubaru #brosetnik #brosetnikmurah #bogor #jakarta #pemilu2019 #etnik #indonesia #nandiashop #sale #viral #brosmurah #kebaya‚Ä¶ ,4/25/2019 3:44,1.12126E+18,TRUSTED since 2012,NandiaShop,HOAKS
"(Liputan 6 | Real Count KPU di Kalteng Sudah 53 Persen, Siapa Unggul Jokowi Vs Prabowo?) #pemilu #pemilu2019",4/25/2019 3:43,1.12126E+18,PEMILU 2019,pemilu_org,VALID
Kemenko Perekonomian Sebut Investor Asing Nantikan Hasil Pemilu #pemilu2019 #investasi,4/25/2019 3:42,1.12126E+18,Ady Permadi,adypermadi,HOAKS
Meriyang memang.. #PemiluAmanBersamaTNIPolri #Pemilu2019 #pestademokrasi,4/25/2019 2:04,1.12123E+18,Fatr_02,febriari_atr,VALID
#Pemilu2019 #RakyatAkalSehat #RakyatButuhDamai,4/24/2019 18:11,1.12111E+18,anakBangsa_ID,anak_Bangsa_RI,HOAKS
"Rekapitulasi Suara Selesai, Camat Baiturrahman: Petugas Sampai Tak Tidur #RekapitulasiSuara #Pilpres2019 #Bawaslu #KIP #Pemilu2019 via @beritakini_co",4/25/2019 4:22,1.12127E+18,#AcehPolitika,aceh_politika,VALID
#pemilu2019,4/25/2019 2:51,1.12125E+18,üí©¬†üí©¬†üí©¬†üí©¬†üí©¬†üí©¬†üí©¬†üòÑ,dezinfectant,VALID
"Pasca pemilu 2019, konsumsi rumah tangga positif #konsumsirumahtangga #kementeriankeuangan #kemenkeu #srimulyani #kemenko #ekonomi #ekonomimaju #ekonominasional #ekonomiindonesia #indonesia #indonesiamaju #indonesiahebat #jokowi #prabowo #pilpres2019 #pemilu2019 ",4/25/2019 3:37,1.12126E+18,Gerak Maju,MajuGerak,HOAKS
Andil konsumsi rumah tangga. #konsumsirumahtangga #kementeriankeuangan #kemenkeu #srimulyani #kemenko #ekonomi #ekonomimaju #ekonominasional #ekonomiindonesia #indonesia #indonesiamaju #indonesiahebat #jokowi #prabowo #pilpres2019 #pemilu2019 ,4/25/2019 3:37,1.12126E+18,Gerak Maju,MajuGerak,HOAKS
Kemenkeu optimis akan pertumbuhan konsumsi rumah tangga #konsumsirumahtangga #kementeriankeuangan #kemenkeu #srimulyani #kemenko #ekonomi #ekonomimaju #ekonominasional #ekonomiindonesia #indonesia #indonesiamaju #indonesiahebat #jokowi #prabowo #pilpres2019 #pemilu2019 ,4/25/2019 3:37,1.12126E+18,Gerak Maju,MajuGerak,HOAKS
Update hasil hitung KPU untuk Pilpres 2019 per 25 April 2019 jam 10.15 WIB Capres 01: 56% Capres 02: 44% Suara masuk: 33.08% #Pemilu2019 ,4/25/2019 3:37,1.12126E+18,IG: narkosun,narkosun,VALID
"[3] Sementara untuk kasus di Dayu Nglegok, #Bawaslu tidak menerima laporan apapun. Bawaslu hanya menerima informasi adanya pencegahan kasus #moneypolitics di Dayu Nglegok yg dilakukan salah satu Petugas Pengawas #Pemilu2019 di desa. Hakam memastikan kajian dugaan kasus money",4/24/2019 15:18,1.12107E+18,Radio Patria,radiopatria,VALID
Ketua DPR Setuju soal Revisi UU Pemilu @DPR_RI #UUPemilu #RevisiUUPemilu #Pemilu2019 #Netralnews,4/25/2019 3:33,1.12126E+18,NETRALNEWS,netralnews,HOAKS
"Tanggapi Ajakan Rekonsiliasi Kubu Jokowi, BPN: Setelah Prabowo Dilantik jadi Presiden ‚Äï #Pemilu2019 #119FatalityKetuaKPUMundur #PejuangPenjagaSuara02",4/24/2019 17:07,1.1211E+18,NUSANEWS.ID,nusanewsid,HOAKS
(Liputan 6 | Real Count KPU di Kalbar 58 Persen: Jokowi Vs Prabowo Siapa Menang?) #pemilu #pemilu2019,4/25/2019 3:32,1.12126E+18,PEMILU 2019,pemilu_org,VALID
(Okezone | Warga Dihebohkan Penemuan Bayi Dalam Kardus di Bawah Pohon Ceri : Okezone News) #pemilu #pemilu2019,4/25/2019 3:29,1.12125E+18,PEMILU 2019,pemilu_org,HOAKS
(Berita | Belajar dari Pilpres 2019 yang Relatif Tenang dan Minim Gejolak) #pemilu #pemilu2019,4/24/2019 21:25,1.12116E+18,PEMILU 2019,pemilu_org,HOAKS
#Pemilu2019,4/25/2019 4:09,1.12126E+18,jihan.cook,CoqySyauqi,HOAKS
"(Berita | Hamil 8 Bulan, Petugas PPS Rela Kerja Hingga Dini Hari) #pemilu #pemilu2019",4/25/2019 3:24,1.12125E+18,PEMILU 2019,pemilu_org,VALID
RAKYAT TAK PERNAH BERSATU #paraindra #RakyatButuhDamai #Pilpres2019 #Pemilu2019 #pemilu #NasiPadang #IndonesianElectionHeroes #IndonesiaFraudElection #MataNajwaUsaiPemilu #ILCDamaiBersenandungKembali #DamaiItuIndah #Indonesia #KPU #Indonesian #berita,4/24/2019 21:34,1.12117E+18,PARAINDRA,TParaindra,VALID
@jokowi @ganjarpranowo @prabowo @habibthink @detikcom @mohmahfudmd #Pemilu2019 #RakyatButuhDamai,4/25/2019 3:23,1.12125E+18,jurus pamungkas,Rico20_,HOAKS
Perbedaan Sistem Pemerintahan Presidensial Indonesia dengan Amerika - #pemilu #pemilihanumum #pilpres #pemilu2019 #pemiludamai #klinikhukum #hukumonline #presidensial #indonesia #amerika #amerikaserikat,4/25/2019 3:21,1.12125E+18,Klinik Hukumonline,klinikhukum,HOAKS
"Pemilu sudah usai kawan, mari rajut kembali persaudaraan dan persatuan bangsa kita, Ketua DPR RI Bambang Soesatyo. #Pemilu2019 #PersatuanIndonesia",4/25/2019 3:21,1.12125E+18,DPR RI,DPR_RI,HOAKS
Kobarkan perang terhadap terorisme #Pemilu2019 #cegahhoax #Indonesia,4/25/2019 3:18,1.12125E+18,NKRI.GardaDepan,garudaNKRI2019,HOAKS
(Berita | Wiranto Bantah Ada Konspirasi antara Pemerintah dan Penyelenggara Pemilu) #pemilu #pemilu2019,4/24/2019 19:21,1.12113E+18,PEMILU 2019,pemilu_org,HOAKS
#KPU Tak Pernah Biarkan Kecurangan Terjadi di TPS #Pemilu2019 ,4/24/2019 22:42,1.12118E+18,obsessionnews,obsessionews,VALID
#KPUJANGANTAKUT #KAMIBERSAMAKPU #jagaKPU #PANIK #PrabowoWinrealcount #Pemilu2019 #jokoWinElection #saveKPU #jokowiDILANjutkan #jokowi #Prabowo #2019jokowipresidenRI #01jokowiaminMENANG #TRIMAKASIHKPU #percayakpu #menolaklupa #indonesibersatu #jagapersatuanRI,4/24/2019 17:56,1.12111E+18,agung casilas,CasilasAgung,HOAKS
#KPUJANGANTAKUT #KAMIBERSAMAKPU #jagaKPU #PANIK #PrabowoWinrealcount #Pemilu2019 #jokoWinElection #saveKPU #jokowiDILANjutkan #jokowi #Prabowo #2019jokowipresidenRI #01jokowiaminMENANG #TRIMAKASIHKPU #PERCAYAKPU #menolaklupa #indonesibersatu #jagapersatuanRI,4/24/2019 17:41,1.12111E+18,ruliandini_raya,RuliandiniR,VALID
Kami menolak terorisme #Pemilu2019 #cegahhoax #Indonesia,4/25/2019 3:17,1.12125E+18,NKRI.GardaDepan,garudaNKRI2019,HOAKS
Perbedaan yg lumrah. #Pemilu2019 #Pilpres2019,4/25/2019 2:01,1.12123E+18,Forum Lingkar Muslim,flingkarmuslim,VALID
"(DETIKCOM | Besok, Pelapor Istri Andre Taulany Akan Diperiksa Polisi) #pemilu #pemilu2019",4/25/2019 3:16,1.12125E+18,PEMILU 2019,pemilu_org,VALID
#Pemilu2019 #Pilpres2019,4/25/2019 3:15,1.12125E+18,#DamaiIndonesiaku,adamlfs,HOAKS
90% akun @Twitter yang kemarin menyebarkan info pemilu tentang kemenangan 01 atau 02 itu bukan akun real. jadi jangan sampai termakan dengan hastag. #rakyatbutuhdamai #Pemilu2019 #Indonesia #stophoax,4/24/2019 18:57,1.12113E+18,‚éù‚ï≤‚éùKanawa ‡∏ø ‚é†‚ï±‚é†,micckyung,VALID
"Komisioner @KPU_ID, Viryan Aziz, menyarankan pemisahan pemilihan presiden dan legislatif untuk mencegah kematian petugas seperti ini lagi. #Pilpres2019 #Pemilu2019",4/25/2019 3:00,1.12125E+18,Mata Mata Politik,MataMataPolitik,VALID
"(Liputan 6 | Bamsoet Setuju UU Pemilu Direvisi, Pileg dan Pilpres Digelar Terpisah) #pemilu #pemilu2019",4/25/2019 3:12,1.12125E+18,PEMILU 2019,pemilu_org,VALID
"(Okezone | Bersitegang Selama Pemilu, Kini Prasetio dan M. Taufik Berdamai : Okezone News) #pemilu #pemilu2019",4/24/2019 15:16,1.12107E+18,PEMILU 2019,pemilu_org,HOAKS
"02 Dituding Curang, Jubir BPN : Direktur Hukum Dan Advokasi TKN Perlu Refreshing #BentukTPFkecuranganPilpres #AuditForensikKPU #Pemilu2019 ",4/25/2019 3:09,1.12125E+18,üáÆüá©€ûUSYAIM€û¬†üáµüá∏,jagasakajawa,VALID
(DETIKCOM | Anggota Komisi II Sepakat Revisi UU Pemilu) #pemilu #pemilu2019,4/25/2019 3:06,1.12125E+18,PEMILU 2019,pemilu_org,VALID
"(Okezone | Prihatin Banyak Petugas KPPS Meninggal, Fahri Hamzah: Akibat Adanya ...) #pemilu #pemilu2019",4/25/2019 1:59,1.12123E+18,PEMILU 2019,pemilu_org,VALID
RT @hakasasiid: Apakah kamu/keluargamu petugas KPPS/Linmas #Pemilu2019 yg merasa tidak dipenuhi (cont) ,4/25/2019 3:03,1.12125E+18,touch!,tachandraz,VALID
"Pemetaan politik di DPR akan terlihat lebih jelas setelah KPU menyelesaikan rekapitulasi suara. Sementara itu, sejumlah parpol baru menjadikan capaian kursi di DPRD sebagai batu loncatan. #Polhuk #AdadiKompas #Pemilu2019 ",4/25/2019 3:02,1.12125E+18,Harian Kompas,hariankompas,HOAKS
Banyaknya petugas KPPS yang meninggal dunia dan sakit memunculkan wacana untuk mengkaji ulang pemilu serentak. #Pemilu2019 ,4/25/2019 3:51,1.12126E+18,‚ó¨,xuiaw,VALID
(CNN Indonesia | Istana Bantah Isu Pembakaran Dokumen Pemilu di Papua) #pemilu #pemilu2019,4/25/2019 3:01,1.12125E+18,PEMILU 2019,pemilu_org,HOAKS
"Berhubung #pemilu2019 udah selesai, yuk kita kumpul lagi bareng sama orang2 tercinta! Lagian bentar lagi kan puasa. Nah biar kumpulnya enak pas puasa, sediain KURMA. Gue jual nih KURMA nya yg bisa bikin kumpul lo makin enak. Hubungin gue ya ",4/25/2019 3:01,1.12125E+18,Sahil Mulachela,sahilmulachela,VALID
(Liputan 6 | Mahfud Md: Tudingan Miring ke KPU Segera Beralih ke MK) #pemilu #pemilu2019,4/25/2019 3:00,1.12125E+18,PEMILU 2019,pemilu_org,VALID
Mau Bilang Curang soal Pemilu 2019? KPU: Mikir! | Viral 12 Jam #Pemilu2019 #KPU,4/25/2019 3:00,1.12125E+18,Viral12jam.com,viral12jam,VALID
Pemprov Klarifikasi Pernyataan Gubernur Sumbar soal Anak Tiri ‚Äï #Pemilu2019 #119FatalityKetuaKPUMundur #PejuangPenjagaSuara02,4/25/2019 2:13,1.12124E+18,NUSANEWS.ID,nusanewsid,VALID
"Polisi tangkap 2 kurir dan narkoba senilai 26 Miliar disita, video selengkapnya di #Pemilu2019 ",4/25/2019 3:00,1.12125E+18,meTube.ID,MeTubeID,VALID
"daripada usul pembentukan Pansus, lebih baik dimaksimalkan kinerja legislasinya #pansus #dpr #pemilu2019 ",4/25/2019 2:54,1.12125E+18,Lingkar Politik,PolitikLingkar,HOAKS
Bawaslu Dukung Wacana Tim Pencari Fakta Kecurangan Pemilu Direalisasikan #Pemilu2019 #Pilpres2019 @Bawaslu_RI @Dahnilanzar @PriyoBudiS @sy_haris @satriohendri @mohmahfudmd @titianggraini @66Hasto @ridlwandjogja,4/25/2019 2:12,1.12124E+18,Prijanto Rabbani,RabbaniIdeas,VALID
"Ya Tuhan ini sampe berapa lagi, koq nambah terus. Miris dinegri demokratis. #Pemilu2019 #pilpresdamai",4/24/2019 16:55,1.1211E+18,Al Fiqh Al Aolawi,Fiqh_aol,VALID
"Ada yang pernah nonton film shooter island? Siapa kah orang gila sebenarnya? Daniels atau chuck? Sama halnya yang terjadi saat ini, KPU sebagai daniels atau kah Prabs yg merupakan daniels? #Pemilu2019",4/24/2019 15:24,1.12107E+18,singamri,singamriehusen,VALID
KPPS di Semarang Meninggal karena Lelah #Pemilu2019,4/25/2019 2:49,1.12124E+18,VIVAcoid,VIVAcoid,HOAKS
(CNN Indonesia | 144 Petugas KPPS Meninggal pada Pemilu 2019) #pemilu #pemilu2019,4/24/2019 19:37,1.12114E+18,PEMILU 2019,pemilu_org,VALID
Informasi ini PENTING untuk pemahaman kita semua. #Pemilu2019 ,4/24/2019 15:21,1.12107E+18,erwinpanigoro,erwinpanigoro,VALID
Berani UAS bersumpah bahwa fakta ini hoax? Subhanallah! #pemilu2019 #uasdifitnahbalasditps #uasberanisumpahbd. #uasterlantarkananakistri #saveuas,4/25/2019 2:40,1.12124E+18,Ade Zuliyanti,adezuliyanti,VALID
"KPU Tidak Bisa Dicurangi, 51 Lembaga Pemantau Terverifikasi Dari Bawasli, Ada Kawal Pemilu, Ada Pengawasan Masyarakat #KamiDukungKPU #KamuBersamaKPU #KamiPercayaKPU #Pemilu #Pemilu2019 ",4/25/2019 2:37,1.12124E+18,Erlina,ErlinaAprilia55,VALID
(CNN Indonesia | Polisi Tahan Caleg PDIP Pembakar Surat Suara Pemilu 2019) #pemilu #pemilu2019,4/24/2019 17:01,1.1211E+18,PEMILU 2019,pemilu_org,HOAKS
"Terbukti Jokowi tepati Janji,,, Pilih yang pasti, yang gak pasti lain kali aja,,, #JokowiOrangnyaBaik #Jokowi #Indonesia #InstallJokowi #StopProvokasi #Pemilu2019 #Pilpres2019 #2019PilihJokowi",4/25/2019 2:34,1.12124E+18,Fahri Muhammad,Fahri_Muhammadd,HOAKS
"Segala kontroversi setelah #Pemilu2019 itu layaknya dagelan, tertawakan kemudian lewat begtu saja.",4/25/2019 2:34,1.12124E+18,#journey,Mitra723,HOAKS
(Berita | MUI Imbau Masyarakat Jangan Terjebak Perselisihan Pasca-Pemilu : Okezone News) #pemilu #pemilu2019,4/24/2019 17:00,1.1211E+18,PEMILU 2019,pemilu_org,VALID
"Pemilu Tak Jurdil, Adhie: Demokrasi di Indonesia Jauh dari Harapan Masyarakat ‚Äï #Pemilu2019 #119FatalityKetuaKPUMundur #PejuangPenjagaSuara02",4/25/2019 2:02,1.12123E+18,NUSANEWS.ID,nusanewsid,HOAKS
"Min, bantu juga dong cek web situng @KPU_ID , siapa tahu ada input data yg gak sesuai dg C1, dan share di sini. Klo ini anda lakukan, saya baru akan acungin jempol utk anda #Pemilu2019",4/24/2019 20:56,1.12116E+18,SUPERachMAN,JsRachman,HOAKS
Tim Pencari Fakta Kecurangan dan Pansus #Pemilu2019 urgent untuk segera dibentuk! #iDeasRabbani @prabowo @fadlizon @MardaniAliSera @Dahnilanzar @sy_haris @titianggraini @satriohendri @RamliRizal,4/25/2019 4:02,1.12126E+18,Prijanto Rabbani,RabbaniIdeas,VALID
#Update iNewsTV #Eredivisie: @NACnl v @Feyenoord (KO: 01.45) - Palapa D (113.0¬∞E) ‚Ä¢3774 H 6500 (MPEG4/FTA) - Palapa D (113.0¬∞E) ‚Ä¢4186 V 8800 (MPEG2/FTA) ‚ñ∫ @SiaranBolaLivee #6ISSKEY #LoveTwitter #NBA #Pemilu2019 #PricelessSurprises #YouTubeMusic #Avengers,4/24/2019 17:21,1.1211E+18,BISS KEY‚Ñ¢ ¬†üáÆüá©,bisskeyID,HOAKS
"(Liputan 6 | Salam Damai dari Batu Karapu, Durdle Door Inggris di Kepulauan Selayar) #pemilu #pemilu2019",4/24/2019 23:40,1.1212E+18,PEMILU 2019,pemilu_org,HOAKS
"@serambinews #PanwascamMakmur #Pemilu2019 #PetugasPemilu2019 Melihat wajahnya mulai lesu dan kurang sehat, kami minta dia untuk istirahat saja, namun mengaku masih sanggup, ternyata tadi siang jatuh sakit.",4/24/2019 16:05,1.12108E+18,Jalimin,jalimin,VALID
"TPS 007, kelurahan parit Tokaya, Kecamatan Pontianak Selatan menggelar PSU hari ini #Pemilu2019 #PemiluRayaTVRI #TVRI #TVRIKalbar",4/25/2019 2:27,1.12124E+18,TVRI Kalbar,tvri_kalbar,VALID
Wadaaw.. Wadidaw #PejuangPenjagaSuara02 #Pemilu2019,4/25/2019 2:27,1.12124E+18,Tania Perdana Putri,TaniaPPutri,HOAKS
(DETIKCOM | Ketua RW yang Nyoblos Dua Kali Diperiksa Bawaslu Makassar) #pemilu #pemilu2019,4/25/2019 3:27,1.12125E+18,PEMILU 2019,pemilu_org,VALID
Wiranto: Tuduhan Konspirasi Kecurangan Pilpres 2019 Tidak Berdasar #Pilpres2019 #Pemilu2019,4/25/2019 2:33,1.12124E+18,Mata Mata Politik,MataMataPolitik,HOAKS
Prediksi togel Singapore Kamis 25 April 2019 Kepala : 4.6.5.2 Angka ikut : 1.7.9.8 Colok bebas : 5.8.3 #JanganCurangiSuaraRakyat #KpuJanganCurang #RakyatButuhDamai #Pemilu2019 #JokoWinElection #PrabowoGila #WelcomeBackLeeMinHo #prediksitogel #prabohong,4/25/2019 4:05,1.12126E+18,wiwik try,TglVip,HOAKS
"(DETIKCOM | Ditabrak Mobil, Ketua KPPS di Kuta Bali Meninggal Dunia) #pemilu #pemilu2019",4/24/2019 15:34,1.12107E+18,PEMILU 2019,pemilu_org,HOAKS
Honor Rp 550 Ribu dan Tugas Berat KPPS Kawal Pemilu ‚Äï #Pemilu2019 #119FatalityKetuaKPUMundur #PejuangPenjagaSuara02,4/25/2019 2:20,1.12124E+18,NUSANEWS.ID,nusanewsid,HOAKS
Innalillahi wainnailaihi rojiun...turut berdukacita... #pemiluserentak2019 #Pemilu2019 ,4/25/2019 2:20,1.12124E+18,Pai_joe,den_kacrut2012,VALID
(DETIKCOM | Mahfud Md Minta Revisi UU Pemilu Diprioritaskan) #pemilu #pemilu2019,4/24/2019 15:44,1.12108E+18,PEMILU 2019,pemilu_org,VALID
"Pengelola: Aneh Sekali, Prosedural Bawaslu Minta Blokir Situs Jurdil2019. Org ‚Äï #Pemilu2019 #119FatalityKetuaKPUMundur #PejuangPenjagaSuara02",4/25/2019 0:00,1.1212E+18,NUSANEWS.ID,nusanewsid,HOAKS
"(Berita | Petugas KPPS Gugur dalam Bertugas, Barisan Nasionalis: Terima Kasih Pahlawan ...) #pemilu #pemilu2019",4/25/2019 1:42,1.12123E+18,PEMILU 2019,pemilu_org,VALID
"Meski Sudah Meninggal November 2018, Caleg Ini Raih Puluhan Ribu Suara #BentukTPFkecuranganPilpres #AuditForensikKPU #Pemilu2019 ",4/25/2019 4:08,1.12126E+18,üáÆüá©€ûUSYAIM€û¬†üáµüá∏,jagasakajawa,VALID
Lieus Sungkharisma: Jokowi Harusnya Tak Bungkam terhadap Dugaan Kecurangan Pemilu ‚Äï #Pemilu2019 #119FatalityKetuaKPUMundur #PejuangPenjagaSuara02,4/25/2019 2:10,1.12124E+18,NUSANEWS.ID,nusanewsid,VALID
"Disaat banyak tuduhan curang utk @KPU_ID & @bawaslu_RI, mereka tdk sadar bahwa banyak yg sudah berapa hari tdk tidur, lupa makan, sakit, mengorbankan keluarga dan pekerjaan dan mengorbankan diri mereka utk pesta demokrasi ini. Hargailah kami! #SaveKPU #SaveBawaslu #Pemilu2019",4/25/2019 2:07,1.12123E+18,Rival Luly,RivalLuly,VALID
"Dukung Jokowi-Maruf Amin, Relawan di AS Kirim Bunga #pemilu2019 #pilpres2019 #jokowimarufamin #relawanjokowi #amerikaserikat",4/25/2019 2:04,1.12123E+18,Sarah Amarta,sarahamarta,VALID
mari kk ade kita jaga bersama keamanan pasca pemilu sembari menunggu keputusan dari MK #TniPolriJaminPemilu2019Aman #TNIPolriPemiluAman #Pemilu2019 #Pilpres2019 #PemiluDamai #PoldaPapua #PolriProMoTer,4/24/2019 23:14,1.12119E+18,Jho Police,Jhopolice,HOAKS
(CNN Indonesia | Emak-emak Minta Bawaslu Nyatakan Pemilu 2019 Curang) #pemilu #pemilu2019,4/24/2019 19:09,1.12113E+18,PEMILU 2019,pemilu_org,VALID
#pemilupilu #pemilu2019 #Pilpres2019,4/25/2019 2:34,1.12124E+18,StopBungkamAktifis,holis8319,HOAKS
"PDIP: Energi Terkuras 8 Bulan, Saatnya Curahkan Daya untuk Kemajuan Bangsa #TauCepatTanpaBatas #Pemilu2019 #GueGakGolput.",4/25/2019 2:36,1.12124E+18,Okezone,okezonenews,VALID
#JanganCurangiSuaraRakyat #Pemilu2019 ,4/25/2019 1:13,1.12122E+18,Gudang Sandal Bandung,sandal_boneka,VALID
Alhamdulillah hasil hitung cepat perhari ini dari litbang @kompascom sudah 100 persen. Mari bersama kita tunggu hasil dari KPU. #HitungCepat #Pemilu2019 #Pilpres2019 #JokowiAmin #KPU,4/25/2019 2:20,1.12124E+18,Asyanti Rozana Thalib,asyantirozana,HOAKS
"PESAN MULIA PETUGAS KPPS SEBELUM MENINGGAL Harus teliti, ini kan urusan negara. Ini urusan nasib rakyat ke depan, #TauCepatTanpaBatas #Pemilu2019 ",4/25/2019 1:45,1.12123E+18,konsultasi kesehatan,traditionaldoct,VALID
Menipu Pilpres 2019 dengan Software Lama ‚Äï #Pemilu2019 #119FatalityKetuaKPUMundur #PejuangPenjagaSuara02,4/25/2019 2:01,1.12123E+18,NUSANEWS.ID,nusanewsid,HOAKS
"Data ini kami peroleh langsung dari para relawan #AmerikaBerSATU dan kami cocokan langsung dengan hasil yg diposting di website tiap PPLN. Pasangan 01: 17,794 (84%) Pasangan 02: 2,611 (12%) Tidak sah:. 792 (4%) #Pemilu2019 ",4/25/2019 2:00,1.12123E+18,Amerika Bersatu,AmerikaBersatu,HOAKS
#Pemilu2019 #YangLagiRame #RakyatButuhDamai Ayok NGPI Pagi ...,4/24/2019 22:54,1.12119E+18,Muda Ha Hasibuan,muda_hs91,HOAKS
At @PemberitaanPWT dialog bersama Bawaslu Banyumas n Purbalingga #Pemilu2019 ,4/25/2019 2:00,1.12123E+18,Manunggal K. Wardaya,MKWardaya,HOAKS
"Sepatunya dirusak oleh teman-temannya, ungkapan bocah ini bikin netizen terenyuh, video selengkapnya di #Pemilu2019 ",4/25/2019 2:00,1.12123E+18,meTube.ID,MeTubeID,HOAKS
"(Liputan 6 | Kisah Haru, Ketua KPPS di Jakarta Meninggal Usai Pegangi Kotak Suara) #pemilu #pemilu2019",4/25/2019 1:30,1.12122E+18,PEMILU 2019,pemilu_org,HOAKS
Pemilu mengingatkan kita tidak hanya tentang hak tetapi tanggung jawab kewarganegaraan dalam demokrasi. #17april2019 #pemilu2019 #pemiluterumitsedunia‚Ä¶ ,4/25/2019 0:48,1.12121E+18,OzieKeane,_ozieajja,HOAKS
"Pdt. Matan Ayorbaba, Mari Sama-sama Kitorang Jaga Kedamaian dan Menunggu Hasil Penetapan Pemilu 2019 . #Pemilu2019 #PemiluDamai2019 #pilpresdamai #PemiluAmanBersamaTNIPolri",4/25/2019 3:10,1.12125E+18,Polda Papua,HmsPoldaPapua,HOAKS
Saya salah satu rakyat Indonesia menyatakan #tolakrekonsiliasi karena berdampak menghapus dugaan 1200 kecurangan #KpuJanganCurang #Pemilu2019 #INAelectionObserversSOS #2019GantiPresiden #tolakpemiluulang2019 #tolakdemonstrasi,4/25/2019 1:49,1.12123E+18,Pulsa & PPOB,MorizServer,HOAKS
Kira2 kubu sebelah utus seseorang bertemu utk alasan rekonsiliasi itu buat apa ya?? Tunggu aja hasil hitung RQ KPU 100% knp sih?? Gak usah pakai panik deh... @jokowi @prabowo @sandiuno #Pilpres2019 #SaveOurDemocracy #Pemilu2019 #KPUTransparan,4/25/2019 1:55,1.12123E+18,Ahmad SahalŸã,sahaladlil,VALID
#JanganCurangiSuaraRakyat #PejuangPenjagaSuara02 #Pemilu2019 ,4/25/2019 1:54,1.12123E+18,Donny Indrayitno,donnyindrayitno,HOAKS
"(Liputan 6 | Doa dan Santunan untuk Aipda Mashudi, Pejuang Pemilu di Indramayu) #pemilu #pemilu2019",4/24/2019 23:09,1.12119E+18,PEMILU 2019,pemilu_org,VALID
Sejumlah Caleg di Sumbar Laporkan Kasus Kotak Suara Terbakar #Pemilu2019 #JHtea,4/24/2019 15:12,1.12107E+18,Jalan Hidup,abdaz_cianjur,VALID
(Liputan 6 | Polisi: Seluruh Pembacok Aggota FBR Akan Dikejar Sampai Dapat) #pemilu #pemilu2019,4/25/2019 1:52,1.12123E+18,PEMILU 2019,pemilu_org,VALID
(CNN Indonesia | Mabes Polri Ungkap Alasan Pengerahan Brimob ke Jakarta) #pemilu #pemilu2019,4/24/2019 19:02,1.12113E+18,PEMILU 2019,pemilu_org,HOAKS
Bawaslu Bali Pelototi Pergeseran Suara Caleg #berita #nusabali #Pileg2019 #Bawaslu #KPUBali #CalegBali #Pemilu2019,4/25/2019 1:51,1.12123E+18,NusaBali.com,nusabalicom,VALID
Saya gak percaya perhitungan Real Count KPU.. terindikasi byk kecurangan lebih baik adakan Pilpres Ulang. Rakyat byk yg Setuju @KPU_ID @bawaslu_RI #Pemilu2019 #Pilpres2019 #PilpresUlang,4/25/2019 1:51,1.12123E+18,Bayu Prabowo,bayuwayne,HOAKS
Saya gak percaya perhitungan Real Count KPU.. terindikasi byk kecurangan lebih baik adakan Pilpres Ulang. Rakyat byk yg Setuju @KPU_ID @bawaslu_RI #Pemilu2019 #Pilpres2019 #PilpresUlang,4/25/2019 1:50,1.12123E+18,Bayu Prabowo,bayuwayne,HOAKS
"Himbauan Sekertaris FKUB Kabupaten Biak Numfor Noseni P. Dimara, . . #pemilu2019 #pemilu2019amandamaisejuk #pemilu2019jujuradil #pemilu2019sukses #pemilu2019bersih",4/24/2019 15:47,1.12108E+18,Polda Papua,HmsPoldaPapua,HOAKS
#pemilu2019 #politik #JokowiLagi #01IndonesiaMaju #JokowiOrangnyaBaik #KPUSelaluTransparan,4/25/2019 1:49,1.12123E+18,Tameng Indonesia,TamengI,HOAKS
#pemilu2019 #politik #JokowiLagi #01IndonesiaMaju #JokowiOrangnyaBaik #KPUSelaluTransparan,4/25/2019 1:49,1.12123E+18,Yusuf Alghazali,yusufalghazali7,HOAKS
#pemilu2019 #politik #JokowiLagi #01IndonesiaMaju #JokowiOrangnyaBaik #KPUSelaluTransparan,4/25/2019 1:49,1.12123E+18,Indonesia Hatiku,Indonesiahatuku,HOAKS
"(Okezone | Ada Usul Bentuk TPF Kecurangan Pemilu, TKN: Kami Tetap Percaya KPU : Okezone News) #pemilu #pemilu2019",4/24/2019 17:43,1.12111E+18,PEMILU 2019,pemilu_org,VALID
Realita caleg pasca pileg: berutang hingga sakit jiwa. baca selengkapnya: #Pileg2019 #Pilpres2019 #Pemilu2019,4/25/2019 0:00,1.1212E+18,Mata Mata Politik,MataMataPolitik,HOAKS
Sandiaga: Hidup Ini Hanya Senda Gurau #Pemilu2019,4/24/2019 17:40,1.12111E+18,VIVAcoid,VIVAcoid,VALID
"Indonesia itu milik bersama, bukan cuma milik suatu kelompok atau etnis tertentu. #Pemilu2019 #KPU #Jokowi #StopProvokasi #Indonesia #StopHoax #PemiluDamai2019 #IndonesiaDamai",4/25/2019 1:46,1.12123E+18,sucil,sucil91919722,HOAKS
Tanya ke #UstazAaGym #UstazAbdulSomad & Ustaz¬≤ yang Dukung #Prabowo nya tentang Bohong nya ya ? #Pilpres2019 #Pemilu2019,4/24/2019 23:13,1.12119E+18,Rhoma Ihrama,RhomaIhrama,VALID
(DETIKCOM | Pada Momen yang Tepat Jokowi-Prabowo Akan Bertemu) #pemilu #pemilu2019,4/25/2019 1:45,1.12123E+18,PEMILU 2019,pemilu_org,HOAKS
KPU: Mikir kalau mau bilang curang #Pemilu2019,4/25/2019 1:45,1.12123E+18,KONTAN NEWS,KontanNews,VALID
"Berbeda-Beda Tapi Tetap Satu Jua. Kita adalah Saudara, Dari Rahim Ibu Pertiwi #Pemilu2019 #KPU #Jokowi #StopProvokasi #Indonesia #StopHoax #PemiluDamai2019 #IndonesiaDamai",4/25/2019 1:45,1.12123E+18,Ratudisa,Ratu98362413,HOAKS
"Melihat kecurangan demikian masif, sistematis dan terstruktur Melibatkan aparat juga ASN Dan melihat reaksi rakyat atas kecurangan tersebut Sebelum terlambat, sebaiknya @Bawaslu_RI membuat pernyataan resmi bahwa #Pemilu2019 adalah pemilu yang penuh kecurangan! #iDeasRabbani",4/25/2019 1:44,1.12123E+18,Prijanto Rabbani,RabbaniIdeas,HOAKS
"Pengambilan Saham Freeport dan Pilpres seperti sama cara nya. Semakin hari terbukti kelakuan rezim ini. Kolusi , Korupsi, Nepotisme, terus merajalela. #2thnPerjuanganKorbanPHK_Freeport #Pemilu2019 #QuickCount #Pemilu2019 #Pilpres2019 #Pilpres2019 #QuickCount #Freeport",4/25/2019 4:22,1.12127E+18,üí¢West Papuan¬†üí¢,franhard,HOAKS
"(CNN Indonesia | 11 Petugas Pemilu Sumsel Tewas, Gubernur Buka Pos Kesehatan) #pemilu #pemilu2019",4/25/2019 1:40,1.12123E+18,PEMILU 2019,pemilu_org,VALID
"(Okezone | Soal Pertemuan Prabowo-Jokowi, BPN: Tunggu Momentum yang Tepat : Okezone News) #pemilu #pemilu2019",4/25/2019 1:36,1.12123E+18,PEMILU 2019,pemilu_org,VALID
Nembe 32% hasil #realcount #KPU #Pilpres #Pemilu2019 ,4/25/2019 1:36,1.12123E+18,Agus Supriatna,aguskrw1,HOAKS
"Antisipasi penanganan perkara2 yg menarik perhatian masyarakat pasca #Pemilu2019, JAM Was, M. Yusni selaku Plt. JAM Pidum gelar video conference (vicon) dg jajaran bidang tindak pidana umum #Kejati se-Indonesia. #vicon #Pidum #pemilu #jaksakawalpemilu #KejaksaanRI",4/25/2019 1:33,1.12123E+18,Kejaksaan RI,KejaksaanRI,HOAKS
Peta Indonesia hasil #Pemilu2019 ini menarik untuk diamati. ,4/25/2019 1:30,1.12123E+18,ùóîùóøùó∂ùòÜùóÆùó±ùó∂ ùóûùóÆùóøùòÅùóºùòÄùó≤ùòÅùóºùó∫ùóº,Ariyadi,VALID
"(CNN Indonesia | Prabowo Hadiri Syukuran di TMII, Wartawan Dilarang Meliput) #pemilu #pemilu2019",4/24/2019 19:03,1.12113E+18,PEMILU 2019,pemilu_org,VALID
Hukumnya Melibatkan Anak dalam Kampanye Pemilu - #pemilu2019 #pilpres #pemiludamai #kampanye #pileg,4/25/2019 3:41,1.12126E+18,Klinik Hukumonline,klinikhukum,HOAKS
"(Okezone | Evaluasi Pemilu Serentak, Pilpres Disarankan Digelar Lebih Dulu dari Pileg : ...) #pemilu #pemilu2019",4/25/2019 1:28,1.12122E+18,PEMILU 2019,pemilu_org,HOAKS
"#PresidenJokowi Memberikan Instruksi Kepada #TNI, #Polri dan #BIN Untuk Menjaga Keamanan Pasca #Pemilu2019. #jagapersatuanindonesia #pemiluamandamaisejuk",4/25/2019 1:22,1.12122E+18,Elvaretta,Ellvaretaa,VALID
"(Liputan 6 | Bawaslu: Tak Gelar Pencoblosan Lanjutan di Sydney, Ada Ancaman Pidana bagi KPU) #pemilu #pemilu2019",4/25/2019 1:21,1.12122E+18,PEMILU 2019,pemilu_org,VALID
"Salah Input di TPS 04 Pakis #Magelang, Jokuwi Kelebihan 1.000 Suara #BentukTPFkecuranganPilpres #AuditForensikKPU #Pemilu2019 ",4/25/2019 4:27,1.12127E+18,üáÆüá©€ûUSYAIM€û¬†üáµüá∏,jagasakajawa,HOAKS
"Sebut Dicurangi Secara Brutal, BPN Serukan Siapkan Mental dan Fisik untuk Lawan #PrabowoSandi #Pemilu2019 #Pilpres2019 #Netralnews",4/25/2019 2:21,1.12124E+18,NETRALNEWS,netralnews,HOAKS
"(CNN Indonesia | Kita Kawal Perolehan Suara, Jangan Sampai Berubah) #pemilu #pemilu2019",4/25/2019 1:17,1.12122E+18,PEMILU 2019,pemilu_org,VALID
"Data Real Count KPU Masuk 32 Persen: Jokowi 55%, Prabowo 44% #Pemilu2019",4/25/2019 1:17,1.12122E+18,VIVAcoid,VIVAcoid,VALID
"Terus Bertambah, Petugas KPPS yang Meniggal Sudah Mencapai 144 Orang. #KPPS #beritaterbaru #beritaterkini #berita #pemilu2019 #Pilpres2019 #JanganCurangiSuaraRakyat #WelcomeBackLeeMinHo #AvengersEndgame",4/25/2019 3:33,1.12126E+18,Viral Hari Ini,viralhariini,VALID
Kemenko Perekonomian Sebut Investor Asing Nantikan Hasil Pemilu #pemilu2019 #investasi,4/25/2019 1:16,1.12122E+18,Friska Handayani,friska_meow,VALID
"(Okezone | BPN Sebut LSM Pemilu Tutup Mata, Pengamat: Jangan Tuding Mereka Macam-Macam ...) #pemilu #pemilu2019",4/25/2019 1:16,1.12122E+18,PEMILU 2019,pemilu_org,VALID
(Berita | Karier Wali Kota Tasikmalaya Budi Budiman hingga Jadi Tersangka...) #pemilu #pemilu2019,4/24/2019 15:41,1.12108E+18,PEMILU 2019,pemilu_org,HOAKS
Buat apa si ada penghitungan ulang suara? Yg menang tetap antara nomor 1 dan 2 gamungkin no 3 #Pemilu2019,4/24/2019 17:53,1.12111E+18,R e s,reres_rg,HOAKS
"BPN Sebut LSM Pemilu Tutup Mata, Pengamat: Jangan Tuding Mereka Macam-Macam #TauCepatTanpaBatas #Pemilu2019 #GueGakGolput.",4/25/2019 1:15,1.12122E+18,Okezone,okezonenews,HOAKS
"Begitulah! Kadang, setelah memutuskan menetapkan pilihan, satu per satu kebohongan bermunculan. We need to talk! ~ #pemilu2019",4/25/2019 1:13,1.12122E+18,Weny,wenymukaddas,HOAKS
"(Okezone | Heboh Warga Madura Potong Tangan Pelaku Pencoblos 100 Surat Suara, Ini Fakta ...) #pemilu #pemilu2019",4/25/2019 3:50,1.12126E+18,PEMILU 2019,pemilu_org,HOAKS
"Turut berbelasungkawa yg sedalam dalamnya & yg sakit semoga segera pulih KPU jelas harus berevaluasi. 5 surat suara sekaligus bagi pemilih pun membingungkan, jelas bagi petugas sangat melelahkan. Semoga hasil rekapitulasi dijauhkan dari segala kecurangan #Pemilu2019 ",4/25/2019 1:10,1.12122E+18,Nita,Nitalusianii,VALID
(Liputan 6 | Polri: Kondisi Jakarta Aman Terkendali Pasca-Pemilu 2019) #pemilu #pemilu2019,4/25/2019 1:08,1.12122E+18,PEMILU 2019,pemilu_org,VALID
@mohmahfudmd sebutkan 101 kesalahan Entry pemilu dari 241.366 TPS. @KPU_ID #iNews #iNewsSore #MahfudMD #Pemilu2019 #Pileg2019 #KPU,4/25/2019 1:06,1.12122E+18,iNews,OfficialiNewsTV,VALID
Rutinitas dipagi hari di temani dengan sinar mentari yang menghangatkan suasana ketegangan di tengah hiruk pikuknya #Pemilu2019 #hkmebi #tolmebi #hutamakarya,4/25/2019 1:04,1.12122E+18,taufik hidayat,taufiktiijee,VALID
(DETIKCOM | Pilpres Penuh Klaim Kemenangan Bikin Tim Hore Gangguan Kejiwaan) #pemilu #pemilu2019,4/25/2019 1:03,1.12122E+18,PEMILU 2019,pemilu_org,VALID
"Evaluasi Pemilu Serentak, Pilpres Disarankan Digelar Lebih Dulu dari Pileg #TauCepatTanpaBatas #Pemilu2019 #GueGakGolput.",4/25/2019 1:02,1.12122E+18,Okezone,okezonenews,HOAKS
"STOP SALING TUDUH, STOP SALING SIKUT, STOP UMBAR KEBENCIAN, STOP HOAX. INDONESIA bukan negara 1 golongan, INDONESIA MERDEKA bukan dari satu golongan. #indonesia #RakyatButuhDamai #Pemilu2019 #Hoax",4/24/2019 18:42,1.12112E+18,‚éù‚ï≤‚éùKanawa ‡∏ø ‚é†‚ï±‚é†,micckyung,VALID
(Berita | Presidential Threshold Dinilai Merusak Sistem Pemilu Serentak) #pemilu #pemilu2019,4/25/2019 1:00,1.12122E+18,PEMILU 2019,pemilu_org,HOAKS
"Farhat: Gaya Khas Prabowo Dari Dulu Klaim Menang, Joget, Sujud Syukur dan Kalah #Pemilu2019 #Pilpres2019 #Netralnews",4/25/2019 1:00,1.12122E+18,NETRALNEWS,netralnews,HOAKS
"Yang dibutuhkan bukan klarifikasi keadaan, data, metodologi, kebenaran, atau akal sehat. Yang dibutuhkan adalah klarifikasi posisi. Karena kita ditarik untuk terbelah. Mungkin ya... Aku gak punya datanya. #Pemilu2019 Ã∂EÃ∂nÃ∂dÃ∂gÃ∂aÃ∂mÃ∂eÃ∂",4/24/2019 16:59,1.1211E+18,usep hasan sadikin,usephasans,VALID
Bijaklah Dalam Menggunakan Gadgetmu Ya Sobat Polri #pileg2019 #pilpres2019 #pemilu2019 #pemiluamandamaidansejuk,4/25/2019 0:59,1.12122E+18,Humas Polres Pekalongan Kota,HumasResPklTa,VALID
Janagan Sampai Gadgetmu Menjerumuskanmu. STOP HOAX DI MEDSOS! #pileg2019 #pilpres2019 #pemilu2019 #pemiluamandamaidansejuk,4/25/2019 0:58,1.12122E+18,Humas Polres Pekalongan Kota,HumasResPklTa,HOAKS
"Soal Kesalahan Entry Data, KPU: Masyarakat Jangan Berspekulasi Terlalu Jauh @KPU_ID #Pemilu2019 #Pilpres2019 #Netralnews",4/25/2019 2:24,1.12124E+18,NETRALNEWS,netralnews,HOAKS
semangat berliterasi memperlambat laju hoax.. #Paraindra #NasiPadang #Pilpres2019 #Pemilu2019 #PejuangPenjagaSuara02 #119FatalityKetuaKPUMundur #bukufest #AkalSehat #ILC #KPUMelayani #KPUJanganSalahInputData #KpuJanganCurang #MataNajwaUsaiPemilu #IndonesiaFraudElection,4/24/2019 21:41,1.12117E+18,KusumaBangsa74,Kusumabangsa74,VALID
"(Okezone | Belum Juga Disahkan, RUU PKS Terhambat Pemilu 2019 : Okezone News) #pemilu #pemilu2019",4/24/2019 15:36,1.12108E+18,PEMILU 2019,pemilu_org,VALID
Ntah kpn selesai perdebatan siapa yg menang ini #Pemilu2019,4/25/2019 0:48,1.12121E+18,MaZhaSha,MaZhaSha1,VALID
Kami percaya KPU #Pemilu2019 #KPUSelaluTransparan,4/25/2019 3:28,1.12125E+18,Permana Dwi,Dwi42938950,VALID
"Apresiasi Semangat Relawan Kawal Suara, Prabowo: Kita Jangan Lengah #pilpres2019 #pemilu2019 #prabowosandiaga #penghitungansuara #kecuranganpemilu",4/25/2019 0:46,1.12121E+18,Kanti Kirana,kanti_kirana,VALID
Mau sistemnya kayak apapun kalo maunya harus menang; kalo kalah tuding pemilu curang... ya ke laut aja #Pemilu2019,4/25/2019 0:46,1.12121E+18,agushermawan,agusher,HOAKS
"‚Ä¢ Dukung KPU untuk menyelesaikan tugas dan kewajibannya. Kita percaya KPU bisa! ‚Ä¢ ‚Ä¢ #Pemilu2019 #BersatuUsaiPemilu #PemiluDamai @Jakarta, Indonesia ",4/25/2019 0:44,1.12121E+18,a.n. Fahru_____,FahruRawhaf,HOAKS
"Pilpres 2019, Aman dan Damai Jangan Mudah Terprovokasi . . #PoldaPapua #thebestPol #PolriPromoter #PolriJaya #PolriHumanis #divisihumaspolri #biromultimedia #Pemilu2019 #PemiluDamai #Pemiluamansejuk",4/25/2019 0:43,1.12121E+18,Polda Papua,HmsPoldaPapua,HOAKS
"#119FatalityKetuaKPUMundur #BentukTPFkecuranganPilpres #AuditForensikKPU #Pemilu2019 Pemilu serentak dibagi menjadi 2 tahap. Pemilu Nasional: pemilihan Presiden, DPR RI & DPD RI Pemilu Daerah: pemilihan Kepala Daerah, DPRD provinsi & DPRD kabupaten/kota ",4/25/2019 0:34,1.12121E+18,The Saint,Signature_Q,HOAKS
(Okezone | Ramyadjie Priambodo Segera Diseret ke Meja Hijau : Okezone News) #pemilu #pemilu2019,4/24/2019 21:41,1.12117E+18,PEMILU 2019,pemilu_org,VALID
Kamis pagi ini (25/4) sedang berlangsung Pemungutan suara Ulang (PSU) di TPS 05 Lingkungan Wirasatya kelurahan Dauh Puri Denpasar Barat. #infobali #pemilu2019 #pemungutansuaraulang‚Ä¶ ,4/25/2019 0:33,1.12121E+18,punapibali,punapibali,HOAKS
Senyum pagi ini.. kotak suara disegel pakai gembok dibuka pakai gunting #Pemilu2019 #RakyatButuhDamai #rakyatbergerak #2019GantiPresiden #KawalPemiluJagaSuara2019 #KawalKotakSuara,4/25/2019 0:30,1.12121E+18,desi hardianty,hardianty_desi,HOAKS
"Datangi KPU, Mahfud MD: Kekeliruan Hanya 0,0004 Persen #Pemilu2019 ",4/25/2019 0:22,1.12121E+18,Indonesia Berdaulat,BerdaulatRI,HOAKS
 #SaveBawaslu #Pemilu2019 #IndonesiaMaju,4/25/2019 0:13,1.12121E+18,Logan Tange,LoganTange,HOAKS
Lawan hoax #Pemilu2019 #cegahhoax #Indonesia,4/25/2019 3:17,1.12125E+18,NKRI.GardaDepan,garudaNKRI2019,VALID
 #SaveBawaslu #Pemilu2019 #IndonesiaMaju,4/25/2019 0:13,1.12121E+18,Chacha SellaluSenang,sellalusenang,VALID
 #SaveBawaslu #Pemilu2019 #IndonesiaMaju,4/25/2019 0:13,1.12121E+18,Nico Faridh,FaridhNico,VALID
Masyarakat Kec. Malingping sepakat bersabar menunggu dan.menerima keputusan KPU #Pemilu2019 #KPUmelayani #TNIPolriJagaPemiluDamai #pemilu2019jujuradil #TNIPolriPahlawanPemilu #Pilpres2019,4/25/2019 4:08,1.12126E+18,Polres Lebak,polres_lebak,HOAKS
PERINGATAN: PEMILU MEMBUNUHMU... Cr: @jawapos #jawapos #clekit #pemilu2019 @Mojokerto ,4/25/2019 0:12,1.12121E+18,Ilham Agastifa (Asli),IAgastifa_TWT,HOAKS
#Feed CONMEBOL 2 #CopaLibertadores di Asiasat 5 (100.5¬∞E) ‚Ä¢3840 H 29720 (MPEG4/HD/$) SID: 0047/002F ‚ñ∫32DE B2C2 B554 6770 @SiaranBolaLivee #6ISSKEY #LoveTwitter #NBA #NBATwitter #YouTubeMusic #PricelessSurprises #Pemilu2019 #NFL100 #Avengers #AmericanGods,4/24/2019 21:27,1.12116E+18,BISS KEY‚Ñ¢ ¬†üáÆüá©,bisskeyID,HOAKS
 #SaveBawaslu #Pemilu2019 #IndonesiaMaju,4/25/2019 0:12,1.12121E+18,Sari Trisnawati,SariTrisnawati8,HOAKS
 #SaveBawaslu #Pemilu2019 #IndonesiaMaju,4/25/2019 0:12,1.12121E+18,Mulyani Rahim,MulyaniRahim,HOAKS
 #SaveBawaslu #Pemilu2019 #IndonesiaMaju,4/25/2019 0:12,1.12121E+18,CherrySinner,SinnerCherry,HOAKS
 #SaveBawaslu #Pemilu2019 #IndonesiaMaju,4/25/2019 0:12,1.12121E+18,Gerry Beurkeulana,beurkeulana,HOAKS
#PenjarakanKomisionerKPU #PejuangPenjagaSuara02 #Pemilu2019 #KpuJanganCurang #KPUJanganSalahInputData #KPUterburuk,4/25/2019 0:09,1.1212E+18,budi darmawan,dhiemilanisti,VALID
"Siapapun yang jadi presiden kita cari makan sendiri. Terus politik berucap kalo bukan presidennya gua, gua nggak makan. Mungkin itu unsur fanatik. #Pemilu2019",4/25/2019 0:08,1.1212E+18,Mas Kopi,jaler37,VALID
Bawaslu Dukung Wacana Tim Pencari Fakta Kecurangan Pemilu Direalisasikan ‚Äï #Pemilu2019 #119FatalityKetuaKPUMundur #PejuangPenjagaSuara02,4/25/2019 0:08,1.1212E+18,NUSANEWS.ID,nusanewsid,VALID
Mantra Usai Pilpres ‚Äï #Pemilu2019 #119FatalityKetuaKPUMundur #PejuangPenjagaSuara02,4/24/2019 17:06,1.1211E+18,NUSANEWS.ID,nusanewsid,VALID
"Kompak Dengan Bosnya, Staf Menteri Lukman Juga Mangkir Dari Panggilan KPK ‚Äï #Pemilu2019 #119FatalityKetuaKPUMundur #PejuangPenjagaSuara02",4/25/2019 0:06,1.1212E+18,NUSANEWS.ID,nusanewsid,VALID
PAN Laporkan Dugaan Penggelembungan Suara di Surabaya #Pemilu2019,4/24/2019 23:13,1.12119E+18,VIVAcoid,VIVAcoid,HOAKS
Setidaknya di twitter hari ini lebih banyak #AvengerEndgame dari pada #pemilu2019 Sedikit seneng dah,4/25/2019 0:02,1.1212E+18,Husni Ichsan,ican_59,VALID
"(Liputan 6 | Real Count KPU Pagi Ini 32,16 Persen: Siapa Unggul Jokowi Vs Prabowo?) #pemilu #pemilu2019",4/25/2019 0:00,1.1212E+18,PEMILU 2019,pemilu_org,VALID
"Sudah 140an yg meninggal, ratusan yg dirawat. Ini pemilu atau bencana??? #Pemilu2019",4/25/2019 0:08,1.1212E+18,Ammar,dayat_thulank,VALID
#Feed LIGA SANTANDER 2 #LaLiga - Asiasat 5 (100.5¬∞E) ‚Ä¢3840 H 29720 (MPEG4/HD/$) SID: 0044/002C - Chinasat 10 (110.5¬∞E) ‚Ä¢4077 V 22500 (MPEG4/HD/$) SID: 0032 ‚ñ∫8222 CC70 D360 82B5 @SiaranBolaLivee #6ISSKEY #LoveTwitter #NBA #Pemilu2019 #YouTubeMusic #NYFW,4/24/2019 17:13,1.1211E+18,BISS KEY‚Ñ¢ ¬†üáÆüá©,bisskeyID,VALID
"Hingga Kamis Pagi, Ini Hasil Sementara Situng KPU #Pemilu2019 #Pilpres2019 #Netralnews",4/25/2019 2:28,1.12124E+18,NETRALNEWS,netralnews,VALID
Hukumnya Memodifikasi Lirik Lagu untuk Kampanye Pemilu - #pemilu #kampanyepemilu #kampanye #pilpres #pemilu2019 #pemiludamai #lagu #musik hakcipta #kekayaanintelektual,4/25/2019 3:23,1.12125E+18,Klinik Hukumonline,klinikhukum,HOAKS
"Pencet bel, dibukain pintu, cipika cipiki langsung Ifah nyoblos gak disana ? Nyoblos dong, nih masi ada sisa tintanya (sambil ngasi tunjuk jari kelingking) diurus sama kampus A5 nya jadi pindah TPS ke Sumedang Oma. #firstquestion #pemilu2019 #ngobrolbarengOma",4/24/2019 23:53,1.1212E+18,Siti Nurcholifah,snurcholifah25,HOAKS
"(Liputan 6 | Mahfud Md: Pancasila Selalu Menang, Rakyat Tak Ingin Beralih Ideologi) #pemilu #pemilu2019",4/24/2019 23:49,1.1212E+18,PEMILU 2019,pemilu_org,VALID
Di alam DemoCRAZY kita susah bedakan siapa sebenarnya yg waras dan siapa yg gila sesungguhnya #Pemilu2019 #JanganCurangiSuaraRakyat,4/25/2019 1:15,1.12122E+18,Wedang Uwuh,WedangUwuh3,VALID
(Okezone | TKN: Pertemuan Jokowi dan Prabowo Akan Sejukkan Suasana : Okezone News) #pemilu #pemilu2019,4/24/2019 23:46,1.1212E+18,PEMILU 2019,pemilu_org,VALID
"Untuk Indonesia yang lebih kece, Indonesia bukan kaleng-kaleng #RakyatButuhDamai #Pilpres2019 #01OptimisIndonesiaMaju #02indonesiamenang #2019gantipresiden #Pemilu2019 ",4/24/2019 23:45,1.1212E+18,Irma Joesoef,imaindie,HOAKS
"Datangi KPU, Mahfud MD: Kekeliruan Hanya 0,0004 Persen #Pemilu2019",4/24/2019 16:12,1.12108E+18,VIVAcoid,VIVAcoid,VALID
"Real Count KPU 32%: Jokowi-Maruf 55,80% dan Prabowo-Sandi 44,20% #TauCepatTanpaBatas #Pemilu2019 #GueGakGolput.",4/24/2019 23:40,1.1212E+18,Okezone,okezonenews,VALID
Logikanya kalo KPU curang.. Knp kecurangan dipertontonkan ke publik? Artinya apa? Inputan data KPU RI begitu konkrit dan transparan? Sehingga masyarakat se Indonesia bs mengkoreksi inputan data tersebut. #saveKPU #BantuKawalPemilu #Pemilu2019 ,4/24/2019 23:38,1.1212E+18,Sutan Santiang,SutanSantiang,VALID
"(Okezone | Real Count KPU 32%: Jokowi-Maruf 55,80% dan Prabowo-Sandi 44,20% : Okezone News) #pemilu #pemilu2019",4/24/2019 23:36,1.1212E+18,PEMILU 2019,pemilu_org,VALID
"Saya lihat penampilan prajurit Kopassus luar biasa. Semangat, kemampuan mereka, fisik mereka menunjukkan kemampuan yang luar biasa tafi Kemaren waktu Kampanye kata nya TNI Lemah, ujar #Prabowo #Pilpres2019 #Pemilu2019",4/24/2019 23:35,1.1212E+18,Rhoma Ihrama,RhomaIhrama,VALID
"Semua sudah melakukan yang terbaik, rakyat sudah menentukan pimpinannya, tinggal tunggu keputusannya, Siapapun yg terpilih kita terima dengan ksatria #RakyatButuhDamai #Pemilu2019",4/24/2019 16:26,1.12109E+18,Cantya Prama |Tyoo|,tyoprama,HOAKS
"(Liputan 6 | Viral Pembakaran Kertas Suara di Papua, KPU: Sisa Logistik Harus Dibakar) #pemilu #pemilu2019",4/24/2019 23:30,1.12119E+18,PEMILU 2019,pemilu_org,HOAKS
"Sudah Tercyduk dari #Prabowo mau di diganti dengan yang baru kata nya oleh Fendukung nya @prabowo juga nyang kata nya Curang, #SandiwaraUno jilid berafa tuch ya ? #Pilpres2019 #Pemilu2019 ",4/24/2019 15:26,1.12107E+18,Rhoma Ihrama,RhomaIhrama,VALID
#TniPolriJaminPemilu2019Aman #Pemilu2019 #Pilpres2019 #PemiluDamai,4/24/2019 22:27,1.12118E+18,miftahularza,miftahularza3,VALID
"Surat cinta untuk Pak Kyai, semoga sampai ke pak kyai yang sesungguhnya umat sayangi #Pemilu2019 #pemiluserentak2019 #KawalPemiluJagaSuara2019 #KawalKotakSuara #RakyatButuhDamai #rakyatbergerak",4/24/2019 23:18,1.12119E+18,desi hardianty,hardianty_desi,VALID
Pengawas TPS yang Alami Keguguran Terima Bantuan dari Bawaslu @bawaslu_RI #Pemilu2019 #Pilpres2019 #Netralnews,4/25/2019 3:44,1.12126E+18,NETRALNEWS,netralnews,HOAKS
"Terima Kasih @KPU_ID @bawaslu_RI atas terselenggaranya Pemilu 2019 dengan aman damai tertib dan judul, kalau terjadi riak2 kecil itu sudah biasa dalam proses demokratisasi di negeri ini. #saveKPU #KPUmelayani #Pemilu2019",4/24/2019 23:17,1.12119E+18,Sofyan Hadi,sofyanYES,HOAKS
Pemerintah masih menjadikan konsumsi rumah tangga sebagai penopang pertumbuhan ekonomi nasional . . #konsumsi #konsumsirumahtangga #pertumbuhan #pertumbuhanekonomiindonesia #ekonominasional #pemilu2019 #bansos #pemerintahpeduli #indonesiaku,4/25/2019 3:56,1.12126E+18,untuk_bangsaku,untuk_bangsaku1,HOAKS
"Jokowi-Maruf Menang Versi Quick Count, Relawan Gelar Syukuran #TauCepatTanpaBatas #Pemilu2019 #GueGakGolput.",4/24/2019 16:10,1.12108E+18,Okezone,okezonenews,HOAKS
"Romi Dibantarkan KPK, Tahanan Lain Cemburu ‚Äï #Pemilu2019 #119FatalityKetuaKPUMundur #PejuangPenjagaSuara02",4/25/2019 2:01,1.12123E+18,NUSANEWS.ID,nusanewsid,HOAKS
#Pemilu2019 ,4/24/2019 23:16,1.12119E+18,Tiada kemuliaan tanpa islam,AfifSaefullohh,VALID
Update tengah malam Hasil hitung suara sementara capres dan cawapres pukul 00.45 WIB #Pemilu2019 #Pilpres2019,4/24/2019 18:09,1.12111E+18,Savira Nianti,katapiraa,VALID
(DETIKCOM | Aliansi Masyarakat Sipil: Kisruh Pemilu Harus Diakhiri!) #pemilu #pemilu2019,4/24/2019 23:13,1.12119E+18,PEMILU 2019,pemilu_org,VALID
Sandi: Saya Sudah Minta Ketemu Lewat 5 Channel tapi Maruf Amin Tak Punya Waktu ‚Äï #Pemilu2019 #119FatalityKetuaKPUMundur #PejuangPenjagaSuara02,4/24/2019 17:09,1.1211E+18,NUSANEWS.ID,nusanewsid,HOAKS
"Selamat pagi, pembaca Kompas! Edisi hari ini mengulas rekapitulasi suara #Pemilu2019 yang berlangsung manual dan berjenjang agar diawasi bersama-sama, karena menjaga legitimasi pemilu merupakan tugas semua pihak. #AdadiKompas",4/24/2019 23:11,1.12119E+18,Harian Kompas,hariankompas,VALID
Zulkifli Hasan dan Surya Paloh Berdebat di Istana ‚Äï #Pemilu2019 #119FatalityKetuaKPUMundur #PejuangPenjagaSuara02,4/25/2019 2:01,1.12123E+18,NUSANEWS.ID,nusanewsid,HOAKS
(Berita | ASN Ciamis Diminta Jangan Takut! Herdiat; Kami Akan Bertindak Profesional) #pemilu #pemilu2019,4/24/2019 23:10,1.12119E+18,PEMILU 2019,pemilu_org,VALID
"Situng kpu bermasalah, mantan petugas entry data mengungkapkan kesalahan bukan krn human error @KPU_RI bekerjalah profesional, begitu banyak uang negara habis untuk pemilu ini #Pemilu2019 #pemiluserentak2019 #KawalKotakSuara #KawalPemiluJagaSuara2019",4/24/2019 23:09,1.12119E+18,desi hardianty,hardianty_desi,VALID
#Pemilu2019 #RealCountKPU TERBARU Hasil Real Count KPU Pilpres 2019 Jokowi vs Prabowo Hari Ini Kamis 25 April Pukul 04.00 WIB via @tribunnews,4/25/2019 0:34,1.12121E+18,TRIBUNnews.com,tribunnews,VALID
"(Okezone | Pesan Terakhir Petugas KPPS yang Meninggal: Harus Teliti, Ini Urusan Nasib ...) #pemilu #pemilu2019",4/24/2019 23:06,1.12119E+18,PEMILU 2019,pemilu_org,HOAKS
Semua dituduh curang kecuali BOYOLALI - takut ama tampang boyolali? #Pemilu2019 #KPUTransparan #jokowi #boyolali,4/24/2019 23:04,1.12119E+18,Daud Hardjakusumah,sidaut,VALID
(DETIKCOM | Polisi Selidiki Pembakaran Surat Suara di Nduga Ditunggangi Caleg) #pemilu #pemilu2019,4/24/2019 23:03,1.12119E+18,PEMILU 2019,pemilu_org,HOAKS
(CNN Indonesia | KPU Mengkhayal Format Baru Saat Pemilu Belum Beres) #pemilu #pemilu2019,4/24/2019 17:02,1.1211E+18,PEMILU 2019,pemilu_org,VALID
"(BBC | Pemilu 2019: Semua partai baru diperkirakan gagal lolos ke DPR, jargon politik ...) #pemilu #pemilu2019",4/24/2019 23:01,1.12119E+18,PEMILU 2019,pemilu_org,VALID
"Cerita pagi: Masyarakat di sekitarku selalu membicarakan tentng kecurangan ,mereka memendam kekecewaan juga kesal, tp cuma bisa melihat dg kekecewaan apalagi dikit2 bakal di ancam laporkan dan bisa di jail. #119FatalityKetuaKPUMundur #JanganCurangiSuaraRakyat #Pemilu2019",4/25/2019 1:15,1.12122E+18,Kariozz,Kariozz1,HOAKS
"(Berita | Pemilu 2019: Semua partai baru diperkirakan gagal lolos ke DPR, jargon ...) #pemilu #pemilu2019",4/24/2019 23:00,1.12119E+18,PEMILU 2019,pemilu_org,VALID
"(Berita | 5 Fakta Perjalanan Nurdin Abdullah, Gubernur Sulsel Bergelar Profesor) #pemilu #pemilu2019",4/24/2019 21:36,1.12117E+18,PEMILU 2019,pemilu_org,VALID
Serah Terima Berkas Hasil Rapat Pleno Terbuka Rekapitulasi Hasil Pemungutan Suara Pemilu 2019 Tingkat Kecamatan Gabuswetan 19-24 April 2019 #Pemilu2019 #17April2019 #KPUIndramayu‚Ä¶ ,4/24/2019 16:19,1.12109E+18,agus doank,doankagus13,HOAKS
#RizieqShihab : #Prabowo Kalau Tidak Dicurangi Sendiri Mestinya Bisa Menang Sampai 800 Persen #Pilpres2019 #Pemilu2019 ,4/24/2019 15:59,1.12108E+18,Rhoma Ihrama,RhomaIhrama,HOAKS
Serentak tapi damai... Jempol! #Pemilu2019 #IndonesiaElection2019,4/24/2019 22:22,1.12118E+18,Ngopi Dulu,Coffee2Talks,VALID
Eeeeh.... Kamu katahuan. #Pilpres2019 #Pemilu2019 #MauMenangKokMainCurang,4/24/2019 18:15,1.12112E+18,Mud Hustler,Barbetho,HOAKS
(Liputan 6 | Apresiasi dan Evaluasi Pemilu 2019 dari Wakil Ketua MPR) #pemilu #pemilu2019,4/24/2019 16:00,1.12108E+18,PEMILU 2019,pemilu_org,HOAKS
(Berita | The Untold Story Penyelenggara Ad Hoc Pemilihan Umum 2019) #pemilu #pemilu2019,4/25/2019 3:01,1.12125E+18,PEMILU 2019,pemilu_org,VALID
Ustadz Slamet: Kerukunan Hidup Beragama saling menjaga Keamanan dan kelancaran Pemilu 2019. . . #pemilu2019 #pemilu2019amandamaisejuk #pemilu2019jujuradil #pemilu2019sukses #pemilu2019bersih,4/24/2019 15:19,1.12107E+18,Polda Papua,HmsPoldaPapua,VALID
To do list bulan April 2019: #GameofThrones (Premiere) #Pemilu2019 #AvengersEndgame #GameofThrones (Battle of Winterfell) Masih ditunggu sampai 30 April) SPT Tahunan PPh Badan Laporan pasca TA Laporan AEOI LK,4/24/2019 22:07,1.12117E+18,KPP Pratama Tahuna,PajakTahuna,HOAKS
(Berita | Jaga Ketenangan dan Keamanan Pascapemilu) #pemilu #pemilu2019,4/25/2019 3:54,1.12126E+18,PEMILU 2019,pemilu_org,HOAKS
Ulasannya selalu dapat mencairkan suasana. good jobs @TParaindra #KPUMelayani #Pilpres2019 #Pemilu2019 #IndonesianElectionHeroes #IndonesiaFraudElection #nasipadang #MataNajwaUsaiPemilu @jokowi @prabowo @sandiuno @RamliRizal @rockygerung @TirtoID @tempodotco @republikaonline,4/24/2019 21:47,1.12117E+18,Asif Barkhiya,AsifBarkhiya08,HOAKS
"(Okezone | Update, 32 Petugas Pemilu Meninggal dan 249 Sakit di Jateng : Okezone News) #pemilu #pemilu2019",4/24/2019 21:21,1.12116E+18,PEMILU 2019,pemilu_org,HOAKS
(Berita | Salat Gaib Polisi di Pasuruan untuk Petugas Pemilu 2019 yang Meninggal) #pemilu #pemilu2019,4/25/2019 3:34,1.12126E+18,PEMILU 2019,pemilu_org,HOAKS
"#PKS Yakin Raih 20 Persen di DPRD DKI, Bersaing Ketat dengan #PDIP #pemilu2019",4/24/2019 15:58,1.12108E+18,TerasLampung,teraslampung,VALID
#Update TEN Pakistan #LaLiga: @Atleti vs @valenciacf (KO: 00.30) di Asiasat 7 (105.5¬∞E) ‚Ä¢4180 V 30000 (MPEG4/$) 00‚ñ∫11 37 54 C6 C0 CE E1 // 01‚ñ∫78 5E 6A FF 44 D7 A9 RT @SiaranBolaLivee #BIS5KEY #LoveTwitter #NBA #NBATwitter #YouTubeMusic #Pemilu2019 #FACup,4/24/2019 17:18,1.1211E+18,BISS KEY‚Ñ¢ ¬†üáÆüá©,bisskeyID,VALID
Demokrat Curi Satu Kursi DPR Dapil Bali #Demokrat #berita #nusabali #Pileg2019 #Pemilu2019,4/25/2019 1:52,1.12123E+18,NusaBali.com,nusabalicom,VALID
#Feed CONMEBOL 1 #CopaLibetadores di Asiasat 5 (100.5¬∞E) ‚Ä¢3840 H 29720 (MPEG4/HD/$) SID: 0046/002E ‚ñ∫45BC A1A2 A278 233D @SiaranBolaLivee #6ISSKEY #LoveTwitter #NBA #NBATwitter #YouTubeMusic #PricelessSurprises #Pemilu2019 #NFL100 #Avengers #AmericanGods,4/24/2019 21:28,1.12116E+18,BISS KEY‚Ñ¢ ¬†üáÆüá©,bisskeyID,VALID
"Diduga, Kasus Pembakaran Surat Suara Ditunggangi Oknum Caleg #pemilu2019 #pembakaransuratsuara #kabupatennduga",4/24/2019 16:33,1.12109E+18,indopos.co.id,indoposonline,HOAKS
"(Okezone | Pemilihan Wagub DKI Molor, Anies: Anggota Dewan Sedang Tunggu Hasil Pemilu : ...) #pemilu #pemilu2019",4/24/2019 19:26,1.12113E+18,PEMILU 2019,pemilu_org,HOAKS
Masih mau bilang fitnah? #IndonesiaFraudElection #BPNKawalSuaraKami #Indonesia #119FatalityKetuaKPUMundur #Pemilu2019 ,4/25/2019 1:29,1.12122E+18,Muhamad Fajri,faj_muhamad,HOAKS
"#Informasi #Klarifikasi #Disinformasi #Video #Warga #Madura #potong #tangan #pelaku #kecurangan yang #mencoblos 100 #surat #suara #Pemilu2019 PERINGATAN : Video mengandung konten kekerasan, jangan dilihat jika... ",4/24/2019 21:16,1.12116E+18,Indonesian Hoaxes,IndonesianHoax,HOAKS
(Berita | Pemerintah Pastikan Kawal Penghitungan Suara Pemilu 2019 : Okezone News) #pemilu #pemilu2019,4/24/2019 21:16,1.12116E+18,PEMILU 2019,pemilu_org,VALID
"(Okezone | Tunggu KPU, Investor Bakal Tanam Modal Besar di Indonesia : Okezone Economy) #pemilu #pemilu2019",4/24/2019 21:11,1.12116E+18,PEMILU 2019,pemilu_org,HOAKS
#Pemilu2019 #Pilpres2019 #pemilu #KawalSuara02AmankanC1 #119FatalityKetuaKPUMundur,4/24/2019 15:36,1.12108E+18,Rezinov,Rezinov1,VALID
(Berita | Ini 8 Identitas Petugas Pemilu yang Meninggal Dunia di Bekasi : Okezone News) #pemilu #pemilu2019,4/24/2019 21:06,1.12116E+18,PEMILU 2019,pemilu_org,VALID
(Liputan 6 | Bawaslu Sebut Akan Tindak Siapapun yang Melanggar Pemilu) #pemilu #pemilu2019,4/24/2019 21:05,1.12116E+18,PEMILU 2019,pemilu_org,HOAKS
Forpimda Kabupaten Tulungagung Cek Keamanan Penyimpanan Surat Suara Pemilu #LH87 #bagimunegeri #Pemilu2019 #TNIPolriJaminPemilu2019Aman #polripromoter #polrihumanis,4/24/2019 16:06,1.12108E+18,HumasResTulungagung,ppidResTA,HOAKS
"(Okezone | Pemerintah Kucurkan Santunan, KPU Jateng Update Data Petugas Meninggal : ...) #pemilu #pemilu2019",4/24/2019 21:01,1.12116E+18,PEMILU 2019,pemilu_org,HOAKS
"Lagi VIRAL #boikotnasipadang TAPI LUPA SEJARAH DI BELAKANGNYA, FAKTA ORANG PADANG !! __ #BoikotRumahMakanPadang #nasipadang #viral #hashtag #politik #PrabowoSandi #Pemilu2019",4/25/2019 2:33,1.12124E+18,PEJUANG ISLAM ID,Pejuangislamid_,HOAKS
Lebih TNI dari TNI berarti harus lebih berjiwa ksatria. Di sininah kita bisa melihat karakter sesungguhnya dari para elite politik Indonesia. Semoga kita bangsa Indonesia dimanapun bisa belajar dari #Pemilu2019,4/24/2019 22:14,1.12118E+18,Ari Aditya,ari_aditya,VALID
Yang penting jgn smpai lupa utk membuat surat berita acara pemusnahan tersebut yg memuat berpa jumlah surat suara yg dimusnahkan dan apa alasannya. Saya kira ini penting dilakukan utk menghindari opini2 liar yg bisa saja berkembang di publik #Pemilu2019,4/24/2019 20:35,1.12115E+18,SUPERachMAN,JsRachman,HOAKS
"#INAelectionObserverSOS #Pemilu2019 #PrabowoWinRealCount #JokowiAminMenang #KawalKotakSuara dan tagar seterusnya itu buatan orang yg di bayar, tinggal kitanya termakan apa gak, #stophoax #rakyatbutuhdamai",4/24/2019 20:22,1.12115E+18,‚éù‚ï≤‚éùKanawa ‡∏ø ‚é†‚ï±‚é†,micckyung,VALID
"Bismillahirraahmanirrahiim. Alhamdulillah hari ini saya menghadiri silaturahmi dan tasyakuran atas kelancaran dan kesuksesan Pemilu 2019 di Ndalem Habib Hilal Alaidid, Kota Yogyakarta. Saya disambut dgn hangat oleh Habib Hilal dan Yahya Cholil Staquf. #Pemilu2019 #Pilpres2019",4/24/2019 15:23,1.12107E+18,K.H. Ma‚Äôruf Amin,KHMarufAmin_,VALID
#Update Sportklub 1 #EPL: @ManUtd vs @ManCity (KO: 02.00) di Intelsat 19 (166.0¬∞E) ‚Ä¢12286 H 30000 (MPEG4/HD/FTA) ‚ñ∫ @SiaranBolaLivee #6ISSKEY #LoveTwitter #NBA #NBATwitter #YouTubeMusic #FACup #Pemilu2019 #IAmAndIWill #PricelessSurprises #MUNMCI #Avengers,4/24/2019 17:22,1.1211E+18,BISS KEY‚Ñ¢ ¬†üáÆüá©,bisskeyID,VALID
(CNN Indonesia | Djoko Santoso Bersyukur Prabowo Tolak Utusan Jokowi) #pemilu #pemilu2019,4/24/2019 19:58,1.12114E+18,PEMILU 2019,pemilu_org,VALID
(Berita | Ini Alasan Kubu Prabowo Sering Deklarasikan Kemenangan di Pemilu 2019) #pemilu #pemilu2019,4/24/2019 19:56,1.12114E+18,PEMILU 2019,pemilu_org,HOAKS
"Dulu siapa peduli dan mungkin menganggap biasa saja foto ini. Kalau dilihat sekarang bisa jadi berbeda, melihat @Pak_JK dan @KHMarufAmin_ dlm satu frame, bisa muncul makna lain... #Pemilu2019 #Pilpres2019",4/25/2019 4:10,1.12127E+18,situasinya,CrowDits,VALID
"(Berita | Kisah Suhendro, Dokter yang Koleksi Surat Suara mulai Pemilu Tahun 1957 (1) ...) #pemilu #pemilu2019",4/24/2019 19:43,1.12114E+18,PEMILU 2019,pemilu_org,VALID
#Endgame #EndGame spoilers #Pemilu2019 ,4/24/2019 18:14,1.12112E+18,Still Alive,LiamCice,HOAKS
(Berita | Misteri Gugurnya Petugas Pemilu 2019) #pemilu #pemilu2019,4/24/2019 19:31,1.12113E+18,PEMILU 2019,pemilu_org,VALID
"TPS 007, Parit Tokaya, Kecamatan Pontianak Selatan yg menggelar PSU jumlah pemilih sebanyak 252 pemilih #Pemilu2019 #PemiluRayaTVRI #TVRI #TVRIKalbar",4/25/2019 2:31,1.12124E+18,TVRI Kalbar,tvri_kalbar,VALID
"Bawaslu Dukung Pembentukan TPF Kecurangan, Tapi Enggan Gabung #Pemilu2019 #Pilpres2019 @Bawaslu_RI",4/25/2019 0:54,1.12122E+18,Prijanto Rabbani,RabbaniIdeas,VALID
(CNN Indonesia | Pendukung Jokowi Blokade Jalan Usai Prabowo Menang di TPS) #pemilu #pemilu2019,4/24/2019 19:10,1.12113E+18,PEMILU 2019,pemilu_org,VALID
(Berita | MK Akui Aturan Pemilu Serentak Tak Mustahil Berubah) #pemilu #pemilu2019,4/24/2019 19:09,1.12113E+18,PEMILU 2019,pemilu_org,HOAKS
Wiranto: Tuduhan Kecurangan Sistematis Pemilu Tak Beralasan @PolhukamRI #Pilpres2019 #Pemilu2019 ,4/24/2019 20:06,1.12114E+18,Berita Benar,benar_berita,HOAKS
"Banyak Petugas TPS Meninggal, KSHUMI Duga Ada Kelalaian @KPU_ID #AuditForensikKPU #119FatalityKetuaKPUMundur #Pemilu2019 #Pilpres2019 #Pemilupedia",4/25/2019 4:25,1.12127E+18,Tauhid Power,TauhidPower,HOAKS
#latepost Sisa-sisa Rapat Pleno Terbuka Penghitungan Perolehan Suara Pemilihan Umum Tahun 2019 #pemilu2019 #pemiludamai #pemilujurdil #pemiluaman @‚Ä¶ ,4/24/2019 16:28,1.12109E+18,Syams,syamshm,HOAKS
"(CNN Indonesia | Kertas Suara Dibakar, Fadli Minta Tanggung Jawab KPU-Bawaslu) #pemilu #pemilu2019",4/24/2019 19:02,1.12113E+18,PEMILU 2019,pemilu_org,HOAKS
Bedain c1 palsu ma asli aja masih bingung kok mau jadi sumber rujukan valid.. Hadeuhh #Pilpres2019 #Pemilu2019 ,4/24/2019 18:17,1.12112E+18,B 4 NG | | 7 4 M 4 L,JamalDeveloper,HOAKS
#mikir #bukan #nyinyir #PolicyForumBreakfastDebate #PemiluAmanBersamaTNIPolri #Pemilu2019 ,4/24/2019 16:19,1.12109E+18,Fahry Arya,fahryarya77,VALID
#Pemilu2019 ,4/24/2019 23:14,1.12119E+18,hermanto,hermant66192615,HOAKS
"Yang bikin mahal pemilu 2019 bukan anggaran yang membengkak sampai 20 T, tapi banyaknya nyawa yang terjatuh hanya untuk mengurusi event 5 tahunan ini. So buat para pejuang pemilu 2019 terima kasih atas dedikasi anda pada negeri ini #Pemilu2019",4/24/2019 23:23,1.12119E+18,Dandy Aditya Prayudha,Dandyaditya21,HOAKS
"#RekapitulasiPerolehanSuara #Pemilu2019 #Bireuen PPK Kecamatan Pandrah, Simpang Mamplam serta Peulimbang sudah menyelesaikan tugas berat mereka.",4/24/2019 15:48,1.12108E+18,Serambi Indonesia,serambinews,VALID
(CNN Indonesia | Pengurus Sesalkan Kritik Wiranto soal Kekalahan Hanura) #pemilu #pemilu2019,4/24/2019 21:03,1.12116E+18,PEMILU 2019,pemilu_org,VALID
#Feed ESP VS CEL ASIA #LaLiga: Espanyol v Celta Vigo (KO:01.30) di Asiasat 5 (100.5¬∞E) ‚Ä¢3877 H 7500 (MPEG4/HD/422) SID: 0053 ‚ñ∫5953 913D D41F B0A3 @SiaranBolaLivee #6ISSKEY #LoveTwitter #NBA #NBATwitter #YouTubeMusic #FACup #Pemilu2019 #PricelessSurprises,4/24/2019 18:37,1.12112E+18,BISS KEY‚Ñ¢ ¬†üáÆüá©,bisskeyID,VALID
(CNN Indonesia | Zulhas Dukung Pertemuan Jokowi-Prabowo) #pemilu #pemilu2019,4/24/2019 17:03,1.1211E+18,PEMILU 2019,pemilu_org,VALID
Ayam Hias Pembawa Keberuntungan Jika Dipelihara - #thefightingcock #ayambangkokimport #JokowiPutihkanGBK #DebatPilpres2019 #Prabowo #Jokowi #iNews #Pemilu2019 #Pilpres2019 #PemiluSerentak2019 #LiveStreaming #Berita #Informasi #HasilPemilu2019,4/24/2019 18:28,1.12112E+18,sabungovo,seputarbetting,VALID
menilai orang lebih mengasyikan dari pada menilai diri sendiri #kpumelayani #kpukabbanjar #kpuprovkalsel #kpuri #pemilu2019 #pemiluserentak2019 #sukseskanpemiluserentak2019‚Ä¶ ,4/25/2019 3:14,1.12125E+18,Aziez Sasirangan,AziezSasirangan,HOAKS
"Apapaun makanannya, minumnya teh botol sosro...kapanpun pemilunya yang menang tetap prabowo... #Pemilu2019 ",4/25/2019 2:26,1.12124E+18,#KRETEK,zulvan_k,HOAKS
Djoko Santoso Klaim Prabowo-Sandi Menang 80 Persen #pemilu2019 #bpnprabowosandiagauno,4/24/2019 15:58,1.12108E+18,TerasLampung,teraslampung,HOAKS
Konsumsi rumah tangga yang membaik salah satunya disebabkan oleh pemilu 2019 dan juga kegiatan parpol . . #konsumsi #konsumsirumahtangga #pertumbuhan #pertumbuhanekonomiindonesia #ekonominasional #pemilu2019 #bansos #pemerintahpeduli #indonesiaku,4/25/2019 3:56,1.12126E+18,untuk_bangsaku,untuk_bangsaku1,HOAKS
(Liputan 6 | Dua TPS di Tangsel Lakukan Pemungutan Suara Ulang Hari Ini) #pemilu #pemilu2019,4/24/2019 17:47,1.12111E+18,PEMILU 2019,pemilu_org,HOAKS
Segera diskualifikasi kubu #01 karena #Pemilu2019 sudah mereka curangi #JanganCurangiSuaraRakyat,4/25/2019 2:53,1.12125E+18,Pessal,pezsal1,VALID
#Cebong dan #Kampret Serta Solusinya #HitungManual #Pemilu2019 #Pilpres2019,4/24/2019 18:08,1.12111E+18,Mang Ade,Ditiliktilik,HOAKS
Kacau!!! @KPU_ID @bawaslu_RI @DivHumas_Polri @Puspen_TNI @Fahrihamzah @fadlizon @bemsi__ @BEMFISIPUI @BEMUNJ_OFFICIAL @BEMFEBUI @bemremaupi @BEMYARSI @BEMUI_Official #Pilpres2019 #Pemilu2019 #KpuJanganCurang,4/24/2019 18:04,1.12111E+18,Raffelino,raffelino,VALID
(Berita | Pemilu 2019 Terparah Sejak Reformasi) #pemilu #pemilu2019,4/24/2019 17:58,1.12111E+18,PEMILU 2019,pemilu_org,HOAKS
"Pemilu aman, damai, tertib dan beritegritas di Kayong Utara #pemilu2019 ",4/25/2019 3:54,1.12126E+18,polresku,polres_ku,VALID
(Antaranews | Deklarasi damai pascapemilu 2019 - ANTARA News) #pemilu #pemilu2019,4/25/2019 3:51,1.12126E+18,PEMILU 2019,pemilu_org,HOAKS
"‚ÄùSaya enggak mau berhenti, saya sudah janji. Kerjaan¬†diberesin¬†segera saja,‚Äù kata Ai menirukan Carman. Itulah kalimat terakhir yang ia dengar dari suaminya. #Polhuk #Pemilu2019 #AdadiKompas",4/24/2019 23:16,1.12119E+18,Harian Kompas,hariankompas,HOAKS
(Vivanews | Prabowo Tutup Ruang Negosiasi Hingga Kabar Boikot Nasi Padang) #pemilu #pemilu2019,4/24/2019 23:11,1.12119E+18,PEMILU 2019,pemilu_org,VALID
(Berita | Hoaks yang Terus Menjamur di Pemilu 2019) #pemilu #pemilu2019,4/24/2019 17:48,1.12111E+18,PEMILU 2019,pemilu_org,HOAKS
Wedakarna Tembus 667.800 Suara Pastika-Gde Agung-Ngurah Ambara ‚ÄòMenangi‚Äô Kursi DPD RI Dapil Bali #Wedakarna #berita #nusabali #Pileg2019 #Pemilu2019 #CalegBali,4/25/2019 1:56,1.12123E+18,NusaBali.com,nusabalicom,HOAKS
(Berita | Plh Pengganti Sekretaris KPU Makassar dari Sekretariat KPU Sulsel) #pemilu #pemilu2019,4/24/2019 21:48,1.12117E+18,PEMILU 2019,pemilu_org,HOAKS
lalalallaa.. #Pemilu2019 ,4/24/2019 17:44,1.12111E+18,Fauzan,ozanazo,VALID
"Prabowo-Sandi unggul 82,2 persen di Aceh. #aceh #iloveaceh #Pilpres2019 #Pemilupedia #Pemilu2019 ",4/25/2019 4:08,1.12126E+18,#AcehPolitika,aceh_politika,VALID
PSU (Pemungutan Suara Ulang) Membuat Masyarakat Dusun Terluka Terlalu Parah. Amunisi Membuat Luka Psikologis Dimana Mana..... #PSU #KPU #Pemilu2019,4/25/2019 4:20,1.12127E+18,Eka Budi Sukmawan,ekaalbayani,VALID
Bagaimana Mungkin Rakyat Percaya Kalian? ‚Äï #Pemilu2019 #119FatalityKetuaKPUMundur #PejuangPenjagaSuara02,4/25/2019 2:16,1.12124E+18,NUSANEWS.ID,nusanewsid,VALID
"(DETIKCOM | 144 Petugas KPPS Meninggal, Komisi II Bakal Evaluasi Pemilu Serentak) #pemilu #pemilu2019",4/25/2019 1:56,1.12123E+18,PEMILU 2019,pemilu_org,HOAKS
(Liputan 6 | Polda Jabar Tingkatkan Patroli Siber di Media Sosial) #pemilu #pemilu2019,4/24/2019 17:36,1.12111E+18,PEMILU 2019,pemilu_org,VALID
Lagunya #Billieeilish emang punya warna yang unik yak‚öò maafkan hastag ga nyambung wkwkwk #AvengersEndgame #DontSpoilTheEndgame #Pemilu2019 #Endgame #AvangersEndgame,4/24/2019 15:42,1.12108E+18,ginosine‚öò,nonisgtg,VALID
"Anggota Linmas yang bertugas sebagai Pamsung (Pengamanan Langsung) di TPS 05 Desa Kertajaya, Kecamatan Simpenan, meninggal. Camat Simpenan beserta aparat Desa berkunjung kerumah ALM. #beritasukabumi #kabarsukabumi #tatarsukabumi #pemilu2019... ",4/24/2019 17:32,1.1211E+18,Rudi thea,ruriadi,HOAKS
(CNN Indonesia | Moeldoko Sebut Pertemuan Jokowi-Prabowo Tunggu Momentum) #pemilu #pemilu2019,4/24/2019 17:31,1.1211E+18,PEMILU 2019,pemilu_org,VALID
Innalillahi... KPU: 144 Petugas KPPS Meninggal pada #Pemilu2019 ,4/24/2019 17:30,1.1211E+18,Fahira Idris DPD RI,fahiraidris,VALID
"Terkait Pelaksanaan Pemilu Serentak, Ini Usulan Ganjar Pranowo @ganjarpranowo #PemiluSerentak #Pemilu2019 #Netralnews",4/24/2019 17:29,1.1211E+18,NETRALNEWS,netralnews,HOAKS
Masyarakat Kec. Cipanas Kab. Lebak Sepakat sabar menunggu dan menerima keputusan KPU #Pemilu2019 #Pilpres2019 #TNIPolriJagaPemiluDamai #TNIPolriPahlawanPemilu #polreslebak #thebestpol,4/25/2019 4:09,1.12127E+18,Polres Lebak,polres_lebak,VALID
(Liputan 6 | Polisi Tangkap 4 Pelaku yang Tewaskan Anggota FBR) #pemilu #pemilu2019,4/24/2019 17:25,1.1211E+18,PEMILU 2019,pemilu_org,VALID
"(CNN Indonesia | Bawaslu Dukung Pembentukan TPF Kecurangan, Tapi Enggan Gabung) #pemilu #pemilu2019",4/24/2019 17:23,1.1211E+18,PEMILU 2019,pemilu_org,VALID
#Update BeIN 1 #EPL: @ManUtd vs @ManCity (KO: 02.00) di Laosat 1 (128.5¬∞E) ‚Ä¢10730 V 40000 (MPEG4/HD/FTA) ‚ñ∫ @SiaranBolaLivee #6ISSKEY #LoveTwitter #NBA #NBATwitter #YouTubeMusic #FACup #Pemilu2019 #IAmAndIWill #PricelessSurprises #IAMOPL #MUNMCI #Avengers,4/24/2019 17:23,1.1211E+18,BISS KEY‚Ñ¢ ¬†üáÆüá©,bisskeyID,HOAKS
Warga Puncak Jaya Bakar Ribuan Kertas Suara | #Pilpres2019 #Pemilu2019 #JokowiMenangTebal #PrabowoSandi #PembakaranKertasSuara,4/24/2019 18:32,1.12112E+18,TIMURNEWS.COM,timur_news,HOAKS
"Kawal C1, Prabowo : Alhamdulillah Kita Sudah Menang #BentukTPFkecuranganPilpres #AuditForensikKPU #Pemilu2019 ",4/25/2019 3:40,1.12126E+18,üáÆüá©€ûUSYAIM€û¬†üáµüá∏,jagasakajawa,HOAKS
#Update BBTV CH7 #DFBPokal: @werderbremen v @FCBayern (KO:01.45) di Thaicom 5 (78.5¬∞E) ‚Ä¢3840 H 2900 (MPEG2/$) SID: 0617/0269 ‚ñ∫24 68 77 03 77 97 53 61 @SiaranBolaLivee #BIS5KEY #NBA #LoveTwitter #NBATwitter #PricelessSurprises #NYFW #Pemilu2019 #Avengers,4/24/2019 17:20,1.1211E+18,BISS KEY‚Ñ¢ ¬†üáÆüá©,bisskeyID,HOAKS
#pemilu2019 ,4/24/2019 23:58,1.1212E+18,wiedhodho,wiedhodho,HOAKS
#pemilu2019 #politik #JokowiLagi #01IndonesiaMaju #JokowiOrangnyaBaik #KPUSelaluTransparan,4/24/2019 15:12,1.12107E+18,Tameng Indonesia,TamengI,VALID
"Ketua BPN Prabowo-Sandi: Kalau Kalah, Itu Pasti Direkayasa #Pemilu2019",4/24/2019 17:17,1.1211E+18,VIVAcoid,VIVAcoid,HOAKS
#Feed ESP VS CEL ASIA #LaLiga: Espanyol v Celta Vigo (KO:01.30) di Asiasat 5 (100.5¬∞E) ‚Ä¢3886 H 7500 (MPEG4/HD/422) SID: 0053 ‚ñ∫5953 913D D41F B0A3 @SiaranBolaLivee #6ISSKEY #LoveTwitter #NBA #NBATwitter #YouTubeMusic #FACup #Pemilu2019 #PricelessSurprises,4/24/2019 17:16,1.1211E+18,BISS KEY‚Ñ¢ ¬†üáÆüá©,bisskeyID,VALID
#Feed LIGA SANTANDER 1 #LaLiga - Asiasat 5 (100.5¬∞E) ‚Ä¢3840 H 29720 (MPEG4/HD/$) SID: 0043/002B - Chinasat 10 (110.5¬∞E) ‚Ä¢4077 V 22500 (MPEG4/HD/$) SID: 0031 ‚ñ∫06EB 3324 B7C6 F471 @SiaranBolaLivee #6ISSKEY #LoveTwitter #NBA #Pemilu2019 #YouTubeMusic #NYFW,4/24/2019 17:14,1.1211E+18,BISS KEY‚Ñ¢ ¬†üáÆüá©,bisskeyID,HOAKS
"Rekapitulasi Suara, PPK Kurang Vitamin #pemilu2019 #ppk #penghitungansuara",4/24/2019 16:07,1.12108E+18,indopos.co.id,indoposonline,VALID
#Feed SUPERFEED 1 #LaLiga - Asiasat 5 (100.5¬∞E) ‚Ä¢3840 H 29720 (MPEG4/HD/$) SID: 0045/002D - Chinasat 10 (110.5¬∞E) ‚Ä¢4077 V 22500 (MPEG4/HD/$) SID: 0033 ‚ñ∫50 3B E4 6F DB B7 02 94 RT @SiaranBolaLivee #6ISSKEY #LoveTwitter #NBA #Pemilu2019 #YouTubeMusic #NYFW,4/24/2019 17:12,1.1211E+18,BISS KEY‚Ñ¢ ¬†üáÆüá©,bisskeyID,HOAKS
(Berita | Aliansi Papatar Humbahas Minta Pemilu Ulang) #pemilu #pemilu2019,4/24/2019 17:12,1.1211E+18,PEMILU 2019,pemilu_org,HOAKS
(Liputan 6 | Hoaks yang Terus Menjamur di Pemilu 2019) #pemilu #pemilu2019,4/24/2019 17:11,1.1211E+18,PEMILU 2019,pemilu_org,HOAKS
"Cara Kerja ayojagatpscom yang Unggulkan Sementara Prabowo 62,9% ‚Äï #Pemilu2019 #119FatalityKetuaKPUMundur #PejuangPenjagaSuara02",4/24/2019 17:11,1.1211E+18,NUSANEWS.ID,nusanewsid,HOAKS
Waspada hoax #Pemilu2019 #cegahhoax #Indonesia,4/25/2019 3:17,1.12125E+18,NKRI.GardaDepan,garudaNKRI2019,HOAKS
"Jadi Tersangka KPK, Dirut PLN Sofyan Basir Kini Berada di Prancis ‚Äï #Pemilu2019 #119FatalityKetuaKPUMundur #PejuangPenjagaSuara02",4/24/2019 17:08,1.1211E+18,NUSANEWS.ID,nusanewsid,VALID
"Sebut Pilpres 2019 Ugal-ugalan, Amien Rais Peringatkan KPU: Hati-hati Berurusan dengan Rakyat ‚Äï #Pemilu2019 #119FatalityKetuaKPUMundur #PejuangPenjagaSuara02",4/24/2019 17:08,1.1211E+18,NUSANEWS.ID,nusanewsid,HOAKS
Ustaz Bachtiar Nasir: Secara De Facto Pak Prabowo sudah Jadi Presiden ‚Äï #Pemilu2019 #119FatalityKetuaKPUMundur #PejuangPenjagaSuara02,4/24/2019 17:08,1.1211E+18,NUSANEWS.ID,nusanewsid,VALID
"Hitung Internal, Erwin Aksa: Prabowo-Sandi Unggul Telak ‚Äï #Pemilu2019 #119FatalityKetuaKPUMundur #PejuangPenjagaSuara02",4/24/2019 17:08,1.1211E+18,NUSANEWS.ID,nusanewsid,VALID
LSM Pemantau Pemilu Jangan Dipaksa¬†Sepakat Ada Kecurangan #pemilu2019 #pemantaupemilu,4/25/2019 3:58,1.12126E+18,Lampung Post,lampostco,VALID
Stop talking about election guys... lets discuss about #GameofThronesSeason8 #Pemilu2019,4/25/2019 2:42,1.12124E+18,Obed Kharistian,Obedkharistian,VALID
Bawaslu: Jumlah Petugas Meninggal Tidak Perlu Di-Blow Up ‚Äï #Pemilu2019 #119FatalityKetuaKPUMundur #PejuangPenjagaSuara02,4/24/2019 17:07,1.1211E+18,NUSANEWS.ID,nusanewsid,VALID
Pilpres 2019 Berpotensi Tanpa Pemenang ‚Äï #Pemilu2019 #119FatalityKetuaKPUMundur #PejuangPenjagaSuara02,4/24/2019 17:07,1.1211E+18,NUSANEWS.ID,nusanewsid,VALID
"Pemilu 2019 Makan Korban, Fadli Zon: Jangan Lupa, Desainnya dari Pemerintah ‚Äï #Pemilu2019 #119FatalityKetuaKPUMundur #PejuangPenjagaSuara02",4/25/2019 2:01,1.12123E+18,NUSANEWS.ID,nusanewsid,HOAKS
Pemilu paling bobrok #Pemilu2019,4/24/2019 17:05,1.1211E+18,Ody,Ody99534914,HOAKS
"Kasus Salah Input Data Jadi Guyonan Netizen, Jadwal Imsakiyah Pun Dilarang di Share ke KPU ‚Äï #Pemilu2019 #119FatalityKetuaKPUMundur #PejuangPenjagaSuara02",4/24/2019 17:18,1.1211E+18,NUSANEWS.ID,nusanewsid,HOAKS
#Indonesia diambang #kehancuran #Pemilu2019 acakadut,4/24/2019 17:03,1.1211E+18,"‚òÖ Edo,Baparang‚òÖ",edo_baparang,HOAKS
#Feed LEV VS BET ASIA #LaLiga: Levante v Real Betis (KO: 02.30) di Asiasat 5 (100.5¬∞E) ‚Ä¢3886 H 7500 (MPEG4/HD/422) SID: 0054 ‚ñ∫90FF 8514 9F35 CA9E @SiaranBolaLivee #6ISSKEY #LoveTwitter #NBA #NBATwitter #YouTubeMusic #FACup #Pemilu2019 #PricelessSurprises,4/24/2019 18:38,1.12112E+18,BISS KEY‚Ñ¢ ¬†üáÆüá©,bisskeyID,VALID
(CNN Indonesia | Tren Paslon 02 Disebut Melejit di Medsos Usai Pilpres) #pemilu #pemilu2019,4/24/2019 17:02,1.1211E+18,PEMILU 2019,pemilu_org,HOAKS
#Pemilu2019 #INAelectionObserverSOS #KPUmelayani #KPU @fadlizon @Fahrihamzah @ustadtengkuzul @haikal_hassan @ustadzhilman #IndonesiaFraudElection @sandiuno @PKSejahtera,4/24/2019 17:02,1.1211E+18,"riaky,Mr. (hsfci_majene)",sanabe_riaky,VALID
"Upaya untuk mencegah adanya kesalahan maupun kecurangan dalam proses rekapitulasi, jauh lebih bermanfaat ketimbang saling melempar narasi ketidakpercayaan terhadap hasil dan penyelenggara pemilu. #Polhuk #Pemilu2019 #AdadiKompas",4/24/2019 23:47,1.1212E+18,Harian Kompas,hariankompas,VALID
(CNN Indonesia | Fadli Zon Dorong DPR Bentuk Pansus Kecurangan Pemilu) #pemilu #pemilu2019,4/24/2019 17:01,1.1211E+18,PEMILU 2019,pemilu_org,HOAKS
(DETIKCOM | Klaim BPN Versus Sindiran TKN) #pemilu #pemilu2019,4/24/2019 23:34,1.1212E+18,PEMILU 2019,pemilu_org,HOAKS
PEMILU IDOL #Paraindra ‚Ä¢ #RakyatButuhDamai #Pilpres2019 #Pemilu2019 #nasipadang #Indonesia #IndonesianElectionHeroes #YangLagiRame #KamiDukungKPU #MataNajwaUsaiPemilu #AuditForensikKPU #KPUMelayani #IndonesiaFraudElection #ILCDamaiBersenandungKembali,4/24/2019 16:08,1.12108E+18,PARAINDRA,TParaindra,VALID
#Pemilu2019 #Pilpres2019 #KawalSuara02AmankanC1 kalo di 62 udah ditangkap..,4/24/2019 16:57,1.1211E+18,Syedara,Syedara46,VALID
Boleh donk bikin kekeliruan 02 di tambahin. Jangan cuma 01 satu aja yang melembung #AuditForensikKPU #Pemilu2019 #KPUJanganSalahInputData #KPUJanganCurang,4/24/2019 15:30,1.12107E+18,@vadilla nurazizah,vadillasuhendar,VALID
" Ini terbantahkan saat di hitung hanya menggunakan Android,, Hasil KPU dan Hitungan manual SAMA #KPU #Pemilu2019 #Jokowi #Prabowo",4/24/2019 16:53,1.12109E+18,Sufyan Ilyas,SufyanIlyas,HOAKS
Bpk Esau Bab : Ucapan Terimakasih Atas Lancarnya Proses Pemilu 2019 Yang Berlangsung Lancar dan Aman. Selengkapnya: ‚Ä¶ . . #pemilu2019 #pemilu2019amandamaisejuk #pemilu2019jujuradil #pemilu2019sukses #pemilu2019bersih,4/24/2019 15:29,1.12107E+18,Polda Papua,HmsPoldaPapua,VALID
"#IndonesiaElection2019: With 31% of the votes counted, Widodo widens his lead to more than 5 Million votes over his opponent, Prabowo Subianto. Overall, Widodo widens his lead by 2% to 56-44 percent over Prabowo #Pemilu2019",4/24/2019 16:41,1.12109E+18,Cutemilk,WTF309,HOAKS
"Salah satu hal krusial yang harus dilakukan KPU adalah menjalankan amanat Pasal 391 UU No. 7/2017 tentang Pemilihan Umum, yakni PPS wajib mengumumkan salinan sertifikat hasil penghitungan suara dari seluruh TPS di wilayah kerjanya, Ketua DPR RI Bambang Soesatyo. #Pemilu2019 ",4/24/2019 16:38,1.12109E+18,Khatab Al Asyie,DAssakira,HOAKS
"Gak ada rusuh di Madura ya, Keep Calm Dont Grasa-Grusu }---> #Hoax #Madura #Rusuh #Pemilu2019 #OpiniVideo >> Simak artikel/video lain yang menarik di <<",4/24/2019 16:38,1.12109E+18,OPINI.ID,OPINI_id,VALID
Penembak Ketua KPPS Isrejo Masih Buron #pemilu2019 #kasuspenembakan #polreslampungutara,4/24/2019 16:36,1.12109E+18,indopos.co.id,indoposonline,HOAKS
#pemilu2019 ,4/25/2019 2:04,1.12123E+18,Hadiri Abdurrazaq,hadiri_ar,VALID
Inilah Hacker yang Coba Retas Situs KPU #pemilu2019 #hacker #kpu,4/24/2019 16:31,1.12109E+18,indopos.co.id,indoposonline,VALID
(Antaranews | Infografis: Respon pasar terhadap pemilu) #pemilu #pemilu2019,4/25/2019 3:41,1.12126E+18,PEMILU 2019,pemilu_org,VALID
"(Berita | Situasi Usai Pemilu Biasa Saja, Cuma Ramai di Medsos) #pemilu #pemilu2019",4/25/2019 1:53,1.12123E+18,PEMILU 2019,pemilu_org,HOAKS
Kami pelayan rakyat yang tidak sempurna sama seperti kalian. #Pemilu2019 #DukaKPPS,4/24/2019 16:26,1.12109E+18,Minda Kelana,MindaKelana,HOAKS
Ikatan Cendekiawan Muslim Indonesia (ICMI) menilai sistem pemungutan suara secara elektronik atau e-voting harus sudah bisa diterapkan pada Pemilu 2024. #Pemilu2019 ,4/24/2019 16:26,1.12109E+18,JPNN.com,jpnncom,VALID
"(Okezone | Gaduhnya Pilpres, Penyanyi Cilik Gio Justru Ingin Jadi Presiden : Okezone ...) #pemilu #pemilu2019",4/24/2019 15:57,1.12108E+18,PEMILU 2019,pemilu_org,VALID
"VIDEO Diduga Kelelahan, Anggota Linmas Meninggal Dunia, Begini Kronologi yang Diceritakan Sang Istri #Pemilu2019 #PestaDemokrasi via @tribunkaltim",4/24/2019 16:19,1.12109E+18,TribunKaltim.co,tribunkaltim,HOAKS
(Okezone | BI Diproyeksi Tahan Suku Bunga Acuan di 6% : Okezone Economy) #pemilu #pemilu2019,4/25/2019 4:00,1.12126E+18,PEMILU 2019,pemilu_org,VALID
Pemilu Idol? #RakyatButuhDamai #YangLagiRame #IndonesiaFraudElection #IndonesianElectionHeroes #nasipadang #KPU #KPUMelayani #KPUTransparan #Internasional #indonesian #Pilpres2019 #Pilot #Pemilu2019 @KPU_ID @republikaonline @GunRomli @rockygerung @RamliRizal @Fahrihamzah #ilc,4/24/2019 16:16,1.12109E+18,Asif Barkhiya,AsifBarkhiya08,HOAKS
Penghitungan resmi Pilpres 2019 yang dilakukan KPU masih terus berlangsung. Beberapa lembaga lain juga melakukan penghitungan. Bagaimana hasilnya? #pemilu2019 #pilpres2019 via @20detik,4/24/2019 16:15,1.12109E+18,detikcom,detikcom,HOAKS
"11 TPS di Jakarta Gelar Pemungutan Suara Ulang, Paling Banyak di Jaktim #TauCepatTanpaBatas #Pemilu2019 #GueGakGolput.",4/25/2019 3:05,1.12125E+18,Okezone,okezonenews,VALID
Tertawa itu sehat... #Pemilu2019 #JanganCurangiSuaraRakyat,4/25/2019 0:57,1.12122E+18,Ben ben yk,Benjamin_van_yk,VALID
"Kejar pembuat viral video surat suara dibakar di Puncak Jaya, Papua, polisi menilai video yang beredar membuat gaduh karena ditambahi narasi yang tak sesuai dengan fakta. #viral #Pemilu2019 ",4/24/2019 15:46,1.12108E+18,aniskurniawan,22ku,HOAKS
"Pengambilan Saham Freeport dan Pilpres seperti sama cara nya. Semakin hari terbukti kelakuan rezim ini. Kolusi , Korupsi, Nepotisme, terus merajalela. #2thnPerjuanganKorbanPHK_Freeport #Pemilu2019 #QuickCount #Pemilu2019 #Pilpres2019 #Pilpres2019 #QuickCount",4/25/2019 4:17,1.12127E+18,üí¢West Papuan¬†üí¢,franhard,HOAKS
"VIRAL! Warga Puncak Jaya, Papua Bakar Surat Suara Pileg dan Pilpres 2019 - #pemilu2019 #Pilpres2019",4/24/2019 16:09,1.12108E+18,#AcehPolitika,aceh_politika,HOAKS
Himbauan Ketua BEM IAIN Fathahul Muluk Papua. . . #pemilu2019 #pemilu2019amandamaisejuk #pemilu2019jujuradil #pemilu2019sukses #pemilu2019bersih,4/24/2019 16:08,1.12108E+18,Polda Papua,HmsPoldaPapua,HOAKS
jarak hanya memberi ruang untuk Rindu.. #DamaiItuIndah #Pemilu2019 #Pilpres2019 #berita #beritaterkini #damaipemilu2019 #MataNajwaUsaiPemilu @jawapos @republikaonline @hariankompas @VIVAnews @antaranews @RRIPro2Jogja @RadioElshinta @gusmusgusmu @korantempo @tempodotco @TirtoID,4/24/2019 22:16,1.12118E+18,KusumaBangsa74,Kusumabangsa74,HOAKS
MIRIS ! Itu kata yang pantas dilayangkan untuk politik di Indonesia sekarang ini. Khususnya di #Pemilu2019 Mereka menghalalkan segala macam cara agar keinginannya terpenuhi. (Haus Jabatan)... ,4/24/2019 16:08,1.12108E+18,buddy_a7x,a7x_buddy,VALID
selamat pagi senyum #Pemilu2019 #Pilpres2019 #MataNajwaUsaiPemilu #puisi #sastra #RakyatButuhDamai #ILCDamaiBersenandungKembali #akalsehat #nasipadang #damaiituindah #kpu #damaipemilu2019 #berita #BeritaTerkini @jawapos @gusmusgusmu @NajwaShihab @karniilyas @tempodotco @VIVAcoid,4/24/2019 22:11,1.12117E+18,Asif Barkhiya,AsifBarkhiya08,VALID
 #SaveBawaslu #Pemilu2019 #IndonesiaMaju,4/25/2019 0:13,1.12121E+18,Syifatul Ulaima,SyifatulU,VALID
"(Okezone | Jokowi-Maruf Menang Versi Quick Count, Relawan Gelar Syukuran : Okezone News) #pemilu #pemilu2019",4/24/2019 17:32,1.1211E+18,PEMILU 2019,pemilu_org,VALID
Faisal Basri: Rini Soemarno Pantas Dipecat Sebelum Oktober ‚Äï #Pemilu2019 #119FatalityKetuaKPUMundur #PejuangPenjagaSuara02,4/24/2019 23:59,1.1212E+18,NUSANEWS.ID,nusanewsid,HOAKS
"#Pemilu2019 #KPUJanganSalahInputData #PemiluDamai Jabar paling banyak DPTnya, tp kok inputnya kalah banyak dengan Jateng dan Jatim. Yang di Sumut juga kok medan dikit banget inputnya, Mohon yg berwenang upayakan input datanya seimbang, agar tidak menimbulkan persepsi macam2.",4/24/2019 16:05,1.12108E+18,INDONESIA JAYA,INDONES97516144,VALID
Kamis (25/4/2019) KPU Mulai Rekapitulasi Suara Tingkat Nasional - #Pilpres2019 #pemilu2019 ,4/24/2019 16:11,1.12108E+18,#AcehPolitika,aceh_politika,HOAKS
Kira-kira di Proses ga Hey #thepowerofpeople #thepowerofemakemak #indonesia #jujuradil #kpu #bawaslu #pemilu2019 #indonesiaranpacurang #blunder #kawalterusc1 #Repost riarifqi_ ‚Ä¢ ‚Ä¢‚Ä¶ ,4/24/2019 16:00,1.12108E+18,Imbang J. Trenggana,ImbangJT,VALID
(Berita | Waspadai Caleg Berpaham Intoleran dan Radikalisme Menyusup ke DPR Periode ...) #pemilu #pemilu2019,4/25/2019 3:13,1.12125E+18,PEMILU 2019,pemilu_org,VALID
Update #MauMenangKokMainCurang #DokumenkanC1DiKecamatan #AuditForensikKPU #BentukTPFkecuranganPilpres #SaveOurDemocracy #119FatalityKetuaKPUMundur #Pemilu2019 ,4/24/2019 18:58,1.12113E+18,üáÆüá©€ûUSYAIM€û¬†üáµüá∏,jagasakajawa,HOAKS
Mewaspadai Penggelembungan dan Pemotongan Suara di SITUNG KPU ‚Äï #Pemilu2019 #119FatalityKetuaKPUMundur #PejuangPenjagaSuara02,4/25/2019 0:06,1.1212E+18,NUSANEWS.ID,nusanewsid,HOAKS
"Pemilu 2019, Ini Pendapat Ahli Soal Tuduhan Kecurangan saat Input Data #Situng #pemilu2019",4/24/2019 15:58,1.12108E+18,TerasLampung,teraslampung,HOAKS
#01IndonesiaMaju #BersatuUsaiPemilu #Pemilu2019 #YoAyoKerjaLagi,4/24/2019 15:19,1.12107E+18,HasanAri_skak2,HasanAri_skak2,VALID
"Berikan rasa aman, personil polres jayapura kota jaga penghitungan suara di tingkat distrik . . #TNIPolriJaminPemilu2019Aman #Pemilu2019 #Pilpres2019 #Poldapapua #PolriPromoter",4/24/2019 15:57,1.12108E+18,Polres Jayapura Kota,JayapuraKota,VALID
#Kpu #Pemilu2019 ,4/24/2019 22:13,1.12118E+18,Dadang Nekad,DadangNekad,VALID
"Kasi Bimas Katolik Kemenag Kabupaten Biak Numfor - Mikael Tenang, SE . . #pemilu2019 #pemilu2019amandamaisejuk #pemilu2019jujuradil #pemilu2019sukses #pemilu2019bersih",4/24/2019 15:57,1.12108E+18,Polda Papua,HmsPoldaPapua,VALID
#DPRKLhokseumawe #Pemilu2019 #Pelantikan #Sekwan Proses perekapan hasil pemilihan legislatif (Pileg) dalam wilayah Kota Lhokseumawe sekarang ini masih di tingkat kecamatan.,4/24/2019 15:57,1.12108E+18,Serambi Indonesia,serambinews,HOAKS
Orang kalah jangan dihina... lewat @beritagarid #kartun #Pilpres2019 #Pemilu2019,4/25/2019 2:50,1.12125E+18,Antyo Beritagar,AntyoBeritagar,HOAKS
VIDEO - Polres PPU Hadirkan Tiga Dokter untuk Memastikan Kesehatan PPK #PolresPPU #PPK #Pemilu2019 #PestaDemokrasi via @tribunkaltim,4/24/2019 15:56,1.12108E+18,TribunKaltim.co,tribunkaltim,HOAKS
"(Berita | Meski Dibombardir, Zenzen Tetap Juara Se-Purbaratu) #pemilu #pemilu2019",4/24/2019 15:51,1.12108E+18,PEMILU 2019,pemilu_org,HOAKS
Penambahan pasukan #Brimob ke #Jakarta untuk memberikan rasa aman dan tentram kepada masyarakat pasca #Pemilu2019. #infodkijakarta #infopemilu2019 #pemilu2019sukses,4/25/2019 1:19,1.12122E+18,Elvaretta,Ellvaretaa,VALID
Perbedaan Bukanlah Perbedaan Untuk Membela NKRI Potret Kapolres Jayapura Kota Bersama Babinsa Jayapura Selatan dalam pengamanan Pleno tingkat Distrik. . . #TNIPolriJaminPemilu2019Aman #Pemilu2019 #Pilpres2019 #PolriPromoter #Poldapapua,4/24/2019 15:56,1.12108E+18,Polres Jayapura Kota,JayapuraKota,HOAKS
"BPN: Kalau Tidak Dicurangi, Prabowo-Sandi Bisa Dapat 80 Persen Suara #PrabowoSandi #Pemilu2019 #pilpres2019 #Netralmews",4/25/2019 0:48,1.12121E+18,NETRALNEWS,netralnews,VALID
"Himbauan Ketua Klasis Biak Selatan Pdt. George H. Korwa, . . #pemilu2019 #pemilu2019amandamaisejuk #pemilu2019jujuradil #pemilu2019sukses #pemilu2019bersih",4/24/2019 15:45,1.12108E+18,Polda Papua,HmsPoldaPapua,VALID
Saudaraku mari aminkan doa pak meteri ini. Bang sandi gak akan kembali jadi WaGub karena beliau insyaa Allah jadi WaPres! #PrabowoSandiTakTerbendung #Pemilu2019 ,4/24/2019 15:44,1.12108E+18,consinus,consinus,HOAKS
(DETIKCOM | Bawaslu Jayawijaya Terima Laporan Caleg Rampas Surat Suara) #pemilu #pemilu2019,4/24/2019 19:00,1.12113E+18,PEMILU 2019,pemilu_org,HOAKS
"Yeahh akhirnya tampil juga hasilnya setelah bolakbalik liatin situs, hasilnya sama sesuai Udah kan yak selesai tugas.. Makasih bapak2 panitia kecamatan yang gatau dah pola tidurnya lebih kacrut gimana #Pemilu2019 ",4/24/2019 20:01,1.12114E+18,Ayuni -- „Ç¢„É¶„Éã,ayunideyu,VALID
"Benarkah Harga Sebuah #PeoplePower Itu Minimal 50 Milyar?, #AmienRais Sekeluarga Funya ga Uang nya ? cc @hanumrais #Pemilu2019 #Pilpres2019",4/24/2019 15:42,1.12108E+18,Rhoma Ihrama,RhomaIhrama,VALID
"Pada hujan yang berderai, Jangan tambatkan hatimu padanya. Rindumu ada di sini. Pada damai yang mengalir dalam sungai waktu. Hidupmu, punya tempat berlabuh. (Smile) #RakyatButuhDamai #Paraindra @TParaindra #akalsehat #Pilpres2019 #Pemilu2019 #NasiPadang #MataNajwaUsaiPemilu #ILC",4/24/2019 21:38,1.12117E+18,Saratoga,Saratogain,HOAKS
Petugas Pemilu yang Meninggal Dunia Bertambah Jadi 144 Orang #Pemilu2019,4/24/2019 16:52,1.12109E+18,VIVAcoid,VIVAcoid,VALID
(Liputan 6 | Mahfud Md: 2 Paslon Dapat Untung dan Rugi dari Salah Entri Data) #pemilu #pemilu2019,4/24/2019 15:40,1.12108E+18,PEMILU 2019,pemilu_org,VALID
Himbauan Ketua MUI Kab Biak Numfor pasca Pemilu 2019. Selengkapnya: . . #pemilu2019 #pemilu2019amandamaisejuk #pemilu2019jujuradil #pemilu2019sukses #pemilu2019bersih,4/24/2019 15:39,1.12108E+18,Polda Papua,HmsPoldaPapua,VALID
"(CNN Indonesia | Klarifikasi Tudingan Kecurangan Pemilu, Mahfud MD Cek IT KPU) #pemilu #pemilu2019",4/24/2019 19:52,1.12114E+18,PEMILU 2019,pemilu_org,VALID
Gus Dur Pernah Bilang Kalau Sudah Tua Prabowo Jadi Presiden #BentukTPFkecuranganPilpres #AuditForensikKPU #Pemilu2019 ,4/25/2019 4:17,1.12127E+18,üáÆüá©€ûUSYAIM€û¬†üáµüá∏,jagasakajawa,HOAKS
"Himbauan Bpk. Pdt. Yakob Sasake, S. Th - Tokoh Agama Nasrani Jemaat Diaspora Supiori. Selengkapnya: . . #pemilu2019 #pemilu2019amandamaisejuk #pemilu2019jujuradil #pemilu2019sukses #pemilu2019bersih",4/24/2019 15:35,1.12108E+18,Polda Papua,HmsPoldaPapua,HOAKS
Semua dituduh curang kecuali BOYOLALI - takut ama tampang boyolali? #Pemilu2019 #KPUTransparan #jokowi #boyolali,4/24/2019 23:01,1.12119E+18,Daud Hardjakusumah,sidaut,HOAKS
KPU hebat #kpuhebat #Pemilu2019 #Pemilupedia #KPUJanganSalahInputData #KpuJanganCurang #KPUMelayani #KPUSelaluTransparan,4/24/2019 15:34,1.12107E+18,#AcehPolitika,aceh_politika,VALID
Perdebatan panas antara TKN dan BPN terkait penghitungan suara Pilpres 2019. Salah satunya mengenai isu kecurangan yang santer digaungkan kubu 02. Apa kata kedua kubu? #Pemilu2019 #pilpres2019 via @20detik,4/24/2019 15:33,1.12107E+18,detikcom,detikcom,HOAKS
"Kalian sibuk menyudutkn KPU, tp kalian tak merasakan bgmn beratnya mereka berjuang melewati tantangan & rintangan demi menyukseskan #Pemilu2019 ini. Video : Distribusi logistik pemilu di pedalamam Pulau Buru, Maluku. #RakyatButuhDamai",4/24/2019 15:33,1.12107E+18,Arief Oke,ARIFzamanNow,HOAKS
Hanya beda cara bagi kedua kubu menyatakan kemenangan. #Pemilupedia #Pemilu2019 ,4/24/2019 15:32,1.12107E+18,#AcehPolitika,aceh_politika,VALID
#KPUJANGANTAKUT #KAMIBERSAMAKPU #jagaKPU #PANIK #PrabowoWinrealcount #Pemilu2019 #jokoWinElection #saveKPU #jokowiDILANjutkan #jokowi #Prabowo #2019jokowipresidenRI #01jokowiaminMENANG #TRIMAKASIHKPU #percayakpu #menolaklupa #indonesibersatu #jagapersatuanRI,4/24/2019 17:44,1.12111E+18,agung casilas,CasilasAgung,HOAKS
(Berita | Kabar Duka: 33 Petugas Panwaslu Wafat selama Pemilu 2019) #pemilu #pemilu2019,4/24/2019 15:30,1.12107E+18,PEMILU 2019,pemilu_org,HOAKS
 #SaveBawaslu #Pemilu2019 #IndonesiaMaju,4/25/2019 0:13,1.12121E+18,Keysha Grafani,KGrafani,VALID
Kenapa Istana Klarifikasi Soal Pembakaran Dokumen Pemilu di Papua? Bukan KPU? Emg sudah final bisa dimusnahkan? #Pemilu2019 #KPUJanganCurangiSuara02 #KawalSuara02AmankanC1 #Pilpres2019,4/24/2019 15:30,1.12107E+18,Rezinov,Rezinov1,HOAKS
#119FatalityKetuaKPUMundur #JanganCurangiSuaraRakyat #Pemilu2019 ,4/25/2019 3:18,1.12125E+18,Edi Sumarno,EdiAlkali007,HOAKS
"Aneh sih, tpi ini nyata diIndonesia. #BersatuUsaiPemilu #Pemilu2019 #JokoWinElection #02KalahTerusBohong #YoAyoKerjaLagi",4/24/2019 15:26,1.12107E+18,HasanAri_skak2,HasanAri_skak2,VALID
(Okezone | Giring Ganesha Akui Kecewa Gagal Masuk Senayan : Okezone Celebrity) #pemilu #pemilu2019,4/24/2019 15:26,1.12107E+18,PEMILU 2019,pemilu_org,HOAKS
"#Kolom Ulama seyogyanya mampu mengajak umat tetap tenang menjaga persatuan dan keutuhan. Sebagai salah satu elite di negeri ini, ulama harus menampilkan keluhuran sikap berpolitik. Menjadi motor rekonsiliasi dua kelompok. #Pemilu2019 ",4/25/2019 3:56,1.12126E+18,detikcom,detikcom,VALID
(CNN Indonesia | MK Akui Aturan Pemilu Serentak Tak Mustahil Berubah) #pemilu #pemilu2019,4/25/2019 1:01,1.12122E+18,PEMILU 2019,pemilu_org,VALID
#pemilu2019 #politik #JokowiLagi #01IndonesiaMaju #JokowiOrangnyaBaik #KPUSelaluTransparan,4/25/2019 1:49,1.12123E+18,Anggita Indonesia,Anggita09738396,HOAKS
"(CNN Indonesia | Ada Bawaslu, TKN Anggap Tak Perlu Dibentuk TPF Pemilu) #pemilu #pemilu2019",4/24/2019 15:24,1.12107E+18,PEMILU 2019,pemilu_org,VALID
"(DETIKCOM | Laporan Salah Entri Data di Situng Ada 105, 64 Sudah Diperbaiki) #pemilu #pemilu2019",4/24/2019 15:23,1.12107E+18,PEMILU 2019,pemilu_org,VALID
"Ketua BPN Prabowo-Sandi: Kalau Kalah, Itu Pasti Direkayasa ‚Äï #Pemilu2019 #119FatalityKetuaKPUMundur #PejuangPenjagaSuara02",4/25/2019 2:00,1.12123E+18,NUSANEWS.ID,nusanewsid,VALID
"Lebih dari 100 orang meninggal, lebih dari 500 orang masih menderita sakit sebab Negara gagal merancang #Pemilu2019 yg melindungi hak para petugasnya di lapangan. Selengkapnya cek tulisan @hakasasiid di: ",4/25/2019 2:42,1.12124E+18,Lokataru,lokataru_id,HOAKS
"(Okezone | Resmi Pimpin Maluku, Ini Pesan Mendagri kepada Murad-Barnabas : Okezone News) #pemilu #pemilu2019",4/24/2019 17:53,1.12111E+18,PEMILU 2019,pemilu_org,VALID
"Setelah sukses di kuartal pertama, kuartal kedua 2019 kenaikan gaji ASN dan THR hari raya akan mampu mendongkrak konsumsi rumah tangga . . #konsumsi #konsumsirumahtangga #pertumbuhan #pertumbuhanekonomiindonesia #ekonominasional #pemilu2019 #bansos #pemerintahpeduli #indonesiaku",4/25/2019 3:57,1.12126E+18,untuk_bangsaku,untuk_bangsaku1,HOAKS
(CNN Indonesia | Wiranto Sebut 139 Petugas Pemilu Meninggal saat Bertugas) #pemilu #pemilu2019,4/24/2019 15:31,1.12107E+18,PEMILU 2019,pemilu_org,HOAKS
"#yanglagirame hastag #RakyatButuhDamai setelah #Pemilu2019 lupakan permusahan mending weekend ini jalan2 bersama kami,,yuk cek disini harga paket wisatanya, ",4/24/2019 16:06,1.12108E+18,Pendiks Rental Transindo,PendiksRental,VALID
(Berita | Satu lagi petugas Pemilu 2019 di Medan meninggal dunia) #pemilu #pemilu2019,4/24/2019 15:19,1.12107E+18,PEMILU 2019,pemilu_org,VALID
"Airlangga mengucapkan terima kasih atas kepercayaan masyarakat terhadap Partai Golkar. Berdasarkan data-data yang sudah masuk, ia optimistis hasil pileg memenuhi target yang telah ditetapkan sebelumnya. #PartaiGolkar #Pemilu2019 #Pileg2019 #SuaraGolkar #SuaraRakyat",4/25/2019 3:48,1.12126E+18,Tentang Golkar,TentangGolkar,VALID
"Pengiriman Kotak Suara Hasil Rekapitulasi Ke Kantor KPU Kota Bandung didampingi oleh Linmas dan Polsek Sukasari, Kamis 25 April 2019. #bandungsemakinjuara #sukasariceria #pemilu2019 ",4/25/2019 4:19,1.12127E+18,Sukasari CERIA,KecSukasari,VALID
"Mau tanya: 1) yg dipukulin, diintimidasi, diancam ada berapa orang ya? Serius nanya nih! 2) #Pemilu2019 itu #PestaDemokrasi apa #BencanaDemokrasi ya? 3) #IndonesiaElectionHeroes apa #IndonesiaElectionVictims ya? Yg kyk gini klo di Jepang sdh pd SEPPUKU rame2 karena malu!!!",4/24/2019 18:11,1.12111E+18,Latif Fahmi,LatifFahmi,HOAKS
"(DETIKCOM | Silaturahmi Forkopimda, Pendukung Capres di DKI Sepakat Tunggu Hasil KPU) #pemilu #pemilu2019",4/24/2019 15:13,1.12107E+18,PEMILU 2019,pemilu_org,HOAKS
#pemilu2019 #politik #JokowiLagi #01IndonesiaMaju #JokowiOrangnyaBaik #KPUSelaluTransparan,4/24/2019 15:12,1.12107E+18,Anggita Indonesia,Anggita09738396,HOAKS
Siap Kalah? #Pemilu2019,4/25/2019 2:34,1.12124E+18,laili rachmawati,LelyTeguh,VALID
Lha kirain si @kaesangp cuma tukang pisang. Keren lah ternyata pemilik saham juga... Ajiibbb... Idolaque... Sumber: Sexy Killers #ManchesterDerby #ManchesterUnited #ManchesterCity #PemiluKokGini #Pemilu2019 ,4/24/2019 15:12,1.12107E+18,Demokrasi Indonesia,DemokrasIndo,VALID
#pemilu2019 #politik #JokowiLagi #01IndonesiaMaju #JokowiOrangnyaBaik #KPUSelaluTransparan,4/24/2019 15:12,1.12107E+18,Yusuf Alghazali,yusufalghazali7,VALID
"(Liputan 6 | Unik, Pernikahan Tiga Agama di Kendari) #pemilu #pemilu2019",4/24/2019 19:07,1.12113E+18,PEMILU 2019,pemilu_org,VALID
