full_text;created_at;id_str;user_name;user_screen_name;label
(Okezone | BI Diproyeksi Tahan Suku Bunga Acuan di 6% : Okezone Economy) #pemilu #pemilu2019;25/04/19 04.00;1,12126E+18;PEMILU 2019;pemilu_org;hoax
(DETIKCOM | BPN Diundang ke Lokasi Hitung Suara TKN, Mardani: Mari Merujuk KPU) #pemilu #pemilu2019;25/04/19 03.58;1,12126E+18;PEMILU 2019;pemilu_org;hoax
LSM Pemantau Pemilu Jangan DipaksaÂ Sepakat Ada Kecurangan #pemilu2019 #pemantaupemilu;25/04/19 03.58;1,12126E+18;Lampung Post;lampostco;hoax
Setelah sukses di kuartal pertama, kuartal kedua 2019 kenaikan gaji ASN dan THR hari raya akan mampu mendongkrak konsumsi rumah tangga . . #konsumsi #konsumsirumahtangga #pertumbuhan #pertumbuhanekonomiindonesia #ekonominasional #pemilu2019 #bansos #pemerintahpeduli #indonesiaku;25/04/19 03.57;1,12126E+18;untuk_bangsaku;untuk_bangsaku1;hoax
Kemenkeu optimis pertumbuhan konsumsi rumah tangga akan membaik . . #konsumsi #konsumsirumahtangga #pertumbuhan #pertumbuhanekonomiindonesia #ekonominasional #pemilu2019 #bansos #pemerintahpeduli #indonesiaku;25/04/19 03.56;1,12126E+18;untuk_bangsaku;untuk_bangsaku1;hoax
Pemerintah masih menjadikan konsumsi rumah tangga sebagai penopang pertumbuhan ekonomi nasional . . #konsumsi #konsumsirumahtangga #pertumbuhan #pertumbuhanekonomiindonesia #ekonominasional #pemilu2019 #bansos #pemerintahpeduli #indonesiaku;25/04/19 03.56;1,12126E+18;untuk_bangsaku;untuk_bangsaku1;hoax
#Kolom Ulama seyogyanya mampu mengajak umat tetap tenang menjaga persatuan dan keutuhan. Sebagai salah satu elite di negeri ini, ulama harus menampilkan keluhuran sikap berpolitik. Menjadi motor rekonsiliasi dua kelompok. #Pemilu2019 ;25/04/19 03.56;1,12126E+18;â—¬;xuiaw;hoax
Konsumsi rumah tangga yang membaik salah satunya disebabkan oleh pemilu 2019 dan juga kegiatan parpol . . #konsumsi #konsumsirumahtangga #pertumbuhan #pertumbuhanekonomiindonesia #ekonominasional #pemilu2019 #bansos #pemerintahpeduli #indonesiaku;25/04/19 03.56;1,12126E+18;untuk_bangsaku;untuk_bangsaku1;hoax
#Kolom Ulama seyogyanya mampu mengajak umat tetap tenang menjaga persatuan dan keutuhan. Sebagai salah satu elite di negeri ini, ulama harus menampilkan keluhuran sikap berpolitik. Menjadi motor rekonsiliasi dua kelompok. #Pemilu2019 ;25/04/19 03.56;1,12126E+18;detikcom;detikcom;hoax
Proyeksi CORE terkait pertumbuhan ekonomi konsumsi rumah tangga . . #konsumsi #konsumsirumahtangga #pertumbuhan #pertumbuhanekonomiindonesia #ekonominasional #pemilu2019 #bansos #pemerintahpeduli #indonesiaku;25/04/19 03.55;1,12126E+18;untuk_bangsaku;untuk_bangsaku1;hoax
(Berita | Jaga Ketenangan dan Keamanan Pascapemilu) #pemilu #pemilu2019;25/04/19 03.54;1,12126E+18;PEMILU 2019;pemilu_org;hoax
Pemilu aman, damai, tertib dan beritegritas di Kayong Utara #pemilu2019 ;25/04/19 03.54;1,12126E+18;polresku;polres_ku;hoax
(Antaranews | Deklarasi damai pascapemilu 2019 - ANTARA News) #pemilu #pemilu2019;25/04/19 03.51;1,12126E+18;PEMILU 2019;pemilu_org;hoax
Banyaknya petugas KPPS yang meninggal dunia dan sakit memunculkan wacana untuk mengkaji ulang pemilu serentak. #Pemilu2019 ;25/04/19 03.51;1,12126E+18;â—¬;xuiaw;hoax
(Okezone | Heboh Warga Madura Potong Tangan Pelaku Pencoblos 100 Surat Suara, Ini Fakta ...) #pemilu #pemilu2019;25/04/19 03.50;1,12126E+18;PEMILU 2019;pemilu_org;hoax
Semangat Menerima Kekalahan - #pemilu2019, #PemiluDamai;25/04/19 03.50;1,12126E+18;Antonius Steven Un;antoniussteven;hoax
Airlangga mengucapkan terima kasih atas kepercayaan masyarakat terhadap Partai Golkar. Berdasarkan data-data yang sudah masuk, ia optimistis hasil pileg memenuhi target yang telah ditetapkan sebelumnya. #PartaiGolkar #Pemilu2019 #Pileg2019 #SuaraGolkar #SuaraRakyat;25/04/19 03.48;1,12126E+18;Tentang Golkar;TentangGolkar;hoax
(DETIKCOM | Pilpres-Pileg Sulit Dipisah Lagi, Ahli Ini Tawarkan Alternatif) #pemilu #pemilu2019;25/04/19 03.48;1,12126E+18;PEMILU 2019;pemilu_org;hoax
Positif hingga akhir tahun #konsumsirumahtangga #kementeriankeuangan #kemenkeu #srimulyani #kemenko #ekonomi #ekonomimaju #ekonominasional #ekonomiindonesia #indonesia #indonesiamaju #indonesiahebat #jokowi #prabowo #pilpres2019 #pemilu2019 ;25/04/19 03.48;1,12126E+18;Gerak Maju;MajuGerak;hoax
Memasuki kuartal II akan semakin positif dengan bukan Ramadhan #konsumsirumahtangga #kementeriankeuangan #kemenkeu #srimulyani #kemenko #ekonomi #ekonomimaju #ekonominasional #ekonomiindonesia #indonesia #indonesiamaju #indonesiahebat #jokowi #prabowo #pilpres2019 #pemilu2019 ;25/04/19 03.47;1,12126E+18;Gerak Maju;MajuGerak;hoax
Seorang anggota DPRD sragen Tewas dihabisi pelaku dengan racun tikus, pelaku kesal karena disuruh mencari dana kampanye 750jt #BeritaTerkini #beritaterbaru #beritakriminal #JanganCurangiSuaraRakyat #pemilu2019 #pilpres2019 #AvengersEndgame;25/04/19 03.47;1,12126E+18;Viral Hari Ini;viralhariini;hoax
Update #BentukTPFkecuranganPilpres #AuditForensikKPU #Pemilu2019 ;25/04/19 03.46;1,12126E+18;_Ÿ‡®_Ÿ‡©Û_USYAIMÛ_Â _Ÿ‡µ_Ÿ‡¸;jagasakajawa;hoax
Banyaknya petugas KPPS yang meninggal dunia dan sakit memunculkan wacana untuk mengkaji ulang pemilu serentak. #Pemilu2019 ;25/04/19 03.46;1,12126E+18;detikcom;detikcom;hoax
(Berita | Ketua BPN Djoko Santoso : Pemilu 2019 Paling Jelek) #pemilu #pemilu2019;25/04/19 03.45;1,12126E+18;PEMILU 2019;pemilu_org;hoax
Pengawas TPS yang Alami Keguguran Terima Bantuan dari Bawaslu @bawaslu_RI #Pemilu2019 #Pilpres2019 #Netralnews;25/04/19 03.44;1,12126E+18;NETRALNEWS;netralnews;hoax
Orderan via #lazada @nandiashop #brosmurah #broskebaya #broskutubaru #brosetnik #brosetnikmurah #bogor #jakarta #pemilu2019 #etnik #indonesia #nandiashop #sale #viral #brosmurah #kebayaâ€_ ;25/04/19 03.44;1,12126E+18;TRUSTED since 2012;NandiaShop;hoax
(Liputan 6 | Real Count KPU di Kalteng Sudah 53 Persen, Siapa Unggul Jokowi Vs Prabowo?) #pemilu #pemilu2019;25/04/19 03.43;1,12126E+18;PEMILU 2019;pemilu_org;hoax
Kemenko Perekonomian Sebut Investor Asing Nantikan Hasil Pemilu #pemilu2019 #investasi;25/04/19 03.42;1,12126E+18;Ady Permadi;adypermadi;hoax
(Antaranews | Infografis: Respon pasar terhadap pemilu) #pemilu #pemilu2019;25/04/19 03.41;1,12126E+18;PEMILU 2019;pemilu_org;hoax
Hukumnya Melibatkan Anak dalam Kampanye Pemilu - #pemilu2019 #pilpres #pemiludamai #kampanye #pileg;25/04/19 03.41;1,12126E+18;Klinik Hukumonline;klinikhukum;hoax
Kawal C1, Prabowo : Alhamdulillah Kita Sudah Menang #BentukTPFkecuranganPilpres #AuditForensikKPU #Pemilu2019 ;25/04/19 03.40;1,12126E+18;_Ÿ‡®_Ÿ‡©Û_USYAIMÛ_Â _Ÿ‡µ_Ÿ‡¸;jagasakajawa;hoax
Real Count KPU 33%, Jokowi-Maruf 56% dan Prabowo-Sandi 44% #TauCepatTanpaBatas #Pemilu2019 #GueGakGolput.;25/04/19 03.38;1,12126E+18;Okezone;okezonenews;hoax
Pasca pemilu 2019, konsumsi rumah tangga positif #konsumsirumahtangga #kementeriankeuangan #kemenkeu #srimulyani #kemenko #ekonomi #ekonomimaju #ekonominasional #ekonomiindonesia #indonesia #indonesiamaju #indonesiahebat #jokowi #prabowo #pilpres2019 #pemilu2019 ;25/04/19 03.37;1,12126E+18;Gerak Maju;MajuGerak;hoax
Andil konsumsi rumah tangga. #konsumsirumahtangga #kementeriankeuangan #kemenkeu #srimulyani #kemenko #ekonomi #ekonomimaju #ekonominasional #ekonomiindonesia #indonesia #indonesiamaju #indonesiahebat #jokowi #prabowo #pilpres2019 #pemilu2019 ;25/04/19 03.37;1,12126E+18;Gerak Maju;MajuGerak;hoax
Kemenkeu optimis akan pertumbuhan konsumsi rumah tangga #konsumsirumahtangga #kementeriankeuangan #kemenkeu #srimulyani #kemenko #ekonomi #ekonomimaju #ekonominasional #ekonomiindonesia #indonesia #indonesiamaju #indonesiahebat #jokowi #prabowo #pilpres2019 #pemilu2019 ;25/04/19 03.37;1,12126E+18;Gerak Maju;MajuGerak;hoax
Update hasil hitung KPU untuk Pilpres 2019 per 25 April 2019 jam 10.15 WIB Capres 01: 56% Capres 02: 44% Suara masuk: 33.08% #Pemilu2019 ;25/04/19 03.37;1,12126E+18;IG: narkosun;narkosun;hoax
(Berita | Salat Gaib Polisi di Pasuruan untuk Petugas Pemilu 2019 yang Meninggal) #pemilu #pemilu2019;25/04/19 03.34;1,12126E+18;PEMILU 2019;pemilu_org;hoax
Ketua DPR Setuju soal Revisi UU Pemilu @DPR_RI #UUPemilu #RevisiUUPemilu #Pemilu2019 #Netralnews;25/04/19 03.33;1,12126E+18;NETRALNEWS;netralnews;hoax
Terus Bertambah, Petugas KPPS yang Meniggal Sudah Mencapai 144 Orang. #KPPS #beritaterbaru #beritaterkini #berita #pemilu2019 #Pilpres2019 #JanganCurangiSuaraRakyat #WelcomeBackLeeMinHo #AvengersEndgame;25/04/19 03.33;1,12126E+18;Viral Hari Ini;viralhariini;hoax
(Liputan 6 | Real Count KPU di Kalbar 58 Persen: Jokowi Vs Prabowo Siapa Menang?) #pemilu #pemilu2019;25/04/19 03.32;1,12126E+18;PEMILU 2019;pemilu_org;hoax
(Okezone | Warga Dihebohkan Penemuan Bayi Dalam Kardus di Bawah Pohon Ceri : Okezone News) #pemilu #pemilu2019;25/04/19 03.29;1,12125E+18;PEMILU 2019;pemilu_org;hoax
Kami percaya KPU #Pemilu2019 #KPUSelaluTransparan;25/04/19 03.28;1,12125E+18;Permana Dwi;Dwi42938950;hoax
(DETIKCOM | Ketua RW yang Nyoblos Dua Kali Diperiksa Bawaslu Makassar) #pemilu #pemilu2019;25/04/19 03.27;1,12125E+18;PEMILU 2019;pemilu_org;hoax
(Berita | Hamil 8 Bulan, Petugas PPS Rela Kerja Hingga Dini Hari) #pemilu #pemilu2019;25/04/19 03.24;1,12125E+18;PEMILU 2019;pemilu_org;hoax
Hukumnya Memodifikasi Lirik Lagu untuk Kampanye Pemilu - #pemilu #kampanyepemilu #kampanye #pilpres #pemilu2019 #pemiludamai #lagu #musik hakcipta #kekayaanintelektual;25/04/19 03.23;1,12125E+18;Klinik Hukumonline;klinikhukum;hoax
@jokowi @ganjarpranowo @prabowo @habibthink @detikcom @mohmahfudmd #Pemilu2019 #RakyatButuhDamai;25/04/19 03.23;1,12125E+18;jurus pamungkas;Rico20_;hoax
Perbedaan Sistem Pemerintahan Presidensial Indonesia dengan Amerika - #pemilu #pemilihanumum #pilpres #pemilu2019 #pemiludamai #klinikhukum #hukumonline #presidensial #indonesia #amerika #amerikaserikat;25/04/19 03.21;1,12125E+18;Klinik Hukumonline;klinikhukum;hoax
Pemilu sudah usai kawan, mari rajut kembali persaudaraan dan persatuan bangsa kita, Ketua DPR RI Bambang Soesatyo. #Pemilu2019 #PersatuanIndonesia;25/04/19 03.21;1,12125E+18;DPR RI;DPR_RI;hoax
Kobarkan perang terhadap terorisme #Pemilu2019 #cegahhoax #Indonesia;25/04/19 03.18;1,12125E+18;NKRI.GardaDepan;garudaNKRI2019;hoax
#119FatalityKetuaKPUMundur #JanganCurangiSuaraRakyat #Pemilu2019 ;25/04/19 03.18;1,12125E+18;Edi Sumarno;EdiAlkali007;hoax
The race of #pemilu2019 #instagood #photooftheday #igers #instagram #photography #nofilter #followme #sony #jepretology @Lapangan Sempur, Istana Bogor ;25/04/19 03.18;1,12125E+18;Ridha Maasir;imaasir;hoax
Jaga pancasila #Pemilu2019 #cegahhoax #Indonesia;25/04/19 03.18;1,12125E+18;NKRI.GardaDepan;garudaNKRI2019;hoax
Lawan hoax #Pemilu2019 #cegahhoax #Indonesia;25/04/19 03.17;1,12125E+18;NKRI.GardaDepan;garudaNKRI2019;hoax
Kami menolak terorisme #Pemilu2019 #cegahhoax #Indonesia;25/04/19 03.17;1,12125E+18;NKRI.GardaDepan;garudaNKRI2019;hoax
Penjual Ac Terdekat Di Jakarta Pusat - Toko Ac Murah | Jual Ac Murah | #Jakarta #Indonesia #Pemilu2019 #Pemiluserentak;25/04/19 03.17;1,12125E+18;Siti susiyati;SusiyatiSiti;hoax
Waspada hoax #Pemilu2019 #cegahhoax #Indonesia;25/04/19 03.17;1,12125E+18;NKRI.GardaDepan;garudaNKRI2019;hoax
(DETIKCOM | Besok, Pelapor Istri Andre Taulany Akan Diperiksa Polisi) #pemilu #pemilu2019;25/04/19 03.16;1,12125E+18;PEMILU 2019;pemilu_org;hoax
#Pemilu2019 #Pilpres2019;25/04/19 03.15;1,12125E+18;#DamaiIndonesiaku;adamlfs;hoax
menilai orang lebih mengasyikan dari pada menilai diri sendiri #kpumelayani #kpukabbanjar #kpuprovkalsel #kpuri #pemilu2019 #pemiluserentak2019 #sukseskanpemiluserentak2019â€_ ;25/04/19 03.14;1,12125E+18;Aziez Sasirangan;AziezSasirangan;hoax
(Berita | Waspadai Caleg Berpaham Intoleran dan Radikalisme Menyusup ke DPR Periode ...) #pemilu #pemilu2019;25/04/19 03.13;1,12125E+18;PEMILU 2019;pemilu_org;hoax
(Liputan 6 | Bamsoet Setuju UU Pemilu Direvisi, Pileg dan Pilpres Digelar Terpisah) #pemilu #pemilu2019;25/04/19 03.12;1,12125E+18;PEMILU 2019;pemilu_org;hoax
Pdt. Matan Ayorbaba, Mari Sama-sama Kitorang Jaga Kedamaian dan Menunggu Hasil Penetapan Pemilu 2019 . #Pemilu2019 #PemiluDamai2019 #pilpresdamai #PemiluAmanBersamaTNIPolri;25/04/19 03.10;1,12125E+18;Polda Papua;HmsPoldaPapua;hoax
02 Dituding Curang, Jubir BPN : Direktur Hukum Dan Advokasi TKN Perlu Refreshing #BentukTPFkecuranganPilpres #AuditForensikKPU #Pemilu2019 ;25/04/19 03.09;1,12125E+18;_Ÿ‡®_Ÿ‡©Û_USYAIMÛ_Â _Ÿ‡µ_Ÿ‡¸;jagasakajawa;hoax
(DETIKCOM | Anggota Komisi II Sepakat Revisi UU Pemilu) #pemilu #pemilu2019;25/04/19 03.06;1,12125E+18;PEMILU 2019;pemilu_org;hoax
11 TPS di Jakarta Gelar Pemungutan Suara Ulang, Paling Banyak di Jaktim #TauCepatTanpaBatas #Pemilu2019 #GueGakGolput.;25/04/19 03.05;1,12125E+18;Okezone;okezonenews;hoax
Tips Jitu Merawat Mesin Pompa Kolam Agar Tetap Awet dan Optimal | Aneka Pompa Kolam Renang #Indonesia #Jakarta #Pemilu2019 #Pemiluserentak;25/04/19 03.03;1,12125E+18;Siti susiyati;SusiyatiSiti;hoax
RT @hakasasiid: Apakah kamu/keluargamu petugas KPPS/Linmas #Pemilu2019 yg merasa tidak dipenuhi (cont) ;25/04/19 03.03;1,12125E+18;touch!;tachandraz;hoax
Pemetaan politik di DPR akan terlihat lebih jelas setelah KPU menyelesaikan rekapitulasi suara. Sementara itu, sejumlah parpol baru menjadikan capaian kursi di DPRD sebagai batu loncatan. #Polhuk #AdadiKompas #Pemilu2019 ;25/04/19 03.02;1,12125E+18;Harian Kompas;hariankompas;hoax
(Berita | The Untold Story Penyelenggara Ad Hoc Pemilihan Umum 2019) #pemilu #pemilu2019;25/04/19 03.01;1,12125E+18;PEMILU 2019;pemilu_org;hoax
(CNN Indonesia | Istana Bantah Isu Pembakaran Dokumen Pemilu di Papua) #pemilu #pemilu2019;25/04/19 03.01;1,12125E+18;PEMILU 2019;pemilu_org;hoax
Berhubung #pemilu2019 udah selesai, yuk kita kumpul lagi bareng sama orang2 tercinta! Lagian bentar lagi kan puasa. Nah biar kumpulnya enak pas puasa, sediain KURMA. Gue jual nih KURMA nya yg bisa bikin kumpul lo makin enak. Hubungin gue ya ;25/04/19 03.01;1,12125E+18;Sahil Mulachela;sahilmulachela;hoax
(Liputan 6 | Mahfud Md: Tudingan Miring ke KPU Segera Beralih ke MK) #pemilu #pemilu2019;25/04/19 03.00;1,12125E+18;PEMILU 2019;pemilu_org;hoax
Mau Bilang Curang soal Pemilu 2019? KPU: Mikir! | Viral 12 Jam #Pemilu2019 #KPU;25/04/19 03.00;1,12125E+18;Viral12jam.com;viral12jam;hoax
Komisioner @KPU_ID, Viryan Aziz, menyarankan pemisahan pemilihan presiden dan legislatif untuk mencegah kematian petugas seperti ini lagi. #Pilpres2019 #Pemilu2019;25/04/19 03.00;1,12125E+18;Mata Mata Politik;MataMataPolitik;hoax
Polisi tangkap 2 kurir dan narkoba senilai 26 Miliar disita, video selengkapnya di #Pemilu2019 ;25/04/19 03.00;1,12125E+18;meTube.ID;MeTubeID;hoax
daripada usul pembentukan Pansus, lebih baik dimaksimalkan kinerja legislasinya #pansus #dpr #pemilu2019 ;25/04/19 02.54;1,12125E+18;Lingkar Politik;PolitikLingkar;hoax
Segera diskualifikasi kubu #01 karena #Pemilu2019 sudah mereka curangi #JanganCurangiSuaraRakyat;25/04/19 02.53;1,12125E+18;Pessal;pezsal1;hoax
#pemilu2019;25/04/19 02.51;1,12125E+18;_Ÿ’©Â _Ÿ’©Â _Ÿ’©Â _Ÿ’©Â _Ÿ’©Â _Ÿ’©Â _Ÿ’©Â _Ÿ˜„;dezinfectant;hoax
Orang kalah jangan dihina... lewat @beritagarid #kartun #Pilpres2019 #Pemilu2019;25/04/19 02.50;1,12125E+18;Antyo Beritagar;AntyoBeritagar;hoax
KPPS di Semarang Meninggal karena Lelah #Pemilu2019;25/04/19 02.49;1,12124E+18;VIVAcoid;VIVAcoid;hoax
Paket Wisata Bromo 2 Hari 1 Malam Murah | Bromo Master Holiday #Indonesia #Pemilu2019 #Pemiluserentak #Jawatimur;25/04/19 02.45;1,12124E+18;Siti susiyati;SusiyatiSiti;hoax
Lebih dari 100 orang meninggal, lebih dari 500 orang masih menderita sakit sebab Negara gagal merancang #Pemilu2019 yg melindungi hak para petugasnya di lapangan. Selengkapnya cek tulisan @hakasasiid di: ;25/04/19 02.42;1,12124E+18;Lokataru;lokataru_id;hoax
Stop talking about election guys... lets discuss about #GameofThronesSeason8 #Pemilu2019;25/04/19 02.42;1,12124E+18;Obed Kharistian;Obedkharistian;hoax
Berani UAS bersumpah bahwa fakta ini hoax? Subhanallah! #pemilu2019 #uasdifitnahbalasditps #uasberanisumpahbd. #uasterlantarkananakistri #saveuas;25/04/19 02.40;1,12124E+18;Ade Zuliyanti;adezuliyanti;hoax
KPU Tidak Bisa Dicurangi, 51 Lembaga Pemantau Terverifikasi Dari Bawasli, Ada Kawal Pemilu, Ada Pengawasan Masyarakat #KamiDukungKPU #KamuBersamaKPU #KamiPercayaKPU #Pemilu #Pemilu2019 ;25/04/19 02.37;1,12124E+18;Erlina;ErlinaAprilia55;hoax
PDIP: Energi Terkuras 8 Bulan, Saatnya Curahkan Daya untuk Kemajuan Bangsa #TauCepatTanpaBatas #Pemilu2019 #GueGakGolput.;25/04/19 02.36;1,12124E+18;Okezone;okezonenews;hoax
Terbukti Jokowi tepati Janji,,, Pilih yang pasti, yang gak pasti lain kali aja,,, #JokowiOrangnyaBaik #Jokowi #Indonesia #InstallJokowi #StopProvokasi #Pemilu2019 #Pilpres2019 #2019PilihJokowi;25/04/19 02.34;1,12124E+18;Fahri Muhammad;Fahri_Muhammadd;hoax
Segala kontroversi setelah #Pemilu2019 itu layaknya dagelan, tertawakan kemudian lewat begtu saja.;25/04/19 02.34;1,12124E+18;#journey;Mitra723;hoax
#pemilupilu #pemilu2019 #Pilpres2019;25/04/19 02.34;1,12124E+18;StopBungkamAktifis;holis8319;hoax
Siap Kalah? #Pemilu2019;25/04/19 02.34;1,12124E+18;laili rachmawati;LelyTeguh;hoax
Lagi VIRAL #boikotnasipadang TAPI LUPA SEJARAH DI BELAKANGNYA, FAKTA ORANG PADANG !! __ #BoikotRumahMakanPadang #nasipadang #viral #hashtag #politik #PrabowoSandi #Pemilu2019;25/04/19 02.33;1,12124E+18;PEJUANG ISLAM ID;Pejuangislamid_;hoax
Wiranto: Tuduhan Konspirasi Kecurangan Pilpres 2019 Tidak Berdasar #Pilpres2019 #Pemilu2019;25/04/19 02.33;1,12124E+18;Mata Mata Politik;MataMataPolitik;hoax
Kpu: Setiap Hari Ratusan Hacker Coba Retas Situs Kami (dok.republika24/4/19) #119FatalityKetuaKPUMundur #JanganCurangiSuaraRakyat #Pemilu2019 #RealCountKPUdimiripkanQC Apakah ini Hackernya ;25/04/19 02.32;1,12124E+18;Kariozz;Kariozz1;hoax
TPS 007, Parit Tokaya, Kecamatan Pontianak Selatan yg menggelar PSU jumlah pemilih sebanyak 252 pemilih #Pemilu2019 #PemiluRayaTVRI #TVRI #TVRIKalbar;25/04/19 02.31;1,12124E+18;TVRI Kalbar;tvri_kalbar;hoax
Hingga Kamis Pagi, Ini Hasil Sementara Situng KPU #Pemilu2019 #Pilpres2019 #Netralnews;25/04/19 02.28;1,12124E+18;NETRALNEWS;netralnews;hoax
Tips Ampuh Cara Bisnis Online Di Instagram Untuk Pemula #Bisnisonline #Pemilu2019 #Pemiluserentak #Jakarta;25/04/19 02.28;1,12124E+18;Siti susiyati;SusiyatiSiti;hoax
TPS 007, kelurahan parit Tokaya, Kecamatan Pontianak Selatan menggelar PSU hari ini #Pemilu2019 #PemiluRayaTVRI #TVRI #TVRIKalbar;25/04/19 02.27;1,12124E+18;TVRI Kalbar;tvri_kalbar;hoax
Wadaaw.. Wadidaw #PejuangPenjagaSuara02 #Pemilu2019;25/04/19 02.27;1,12124E+18;Tania Perdana Putri;TaniaPPutri;hoax
Apapaun makanannya, minumnya teh botol sosro...kapanpun pemilunya yang menang tetap prabowo... #Pemilu2019 ;25/04/19 02.26;1,12124E+18;#KRETEK;zulvan_k;hoax
Soal Kesalahan Entry Data, KPU: Masyarakat Jangan Berspekulasi Terlalu Jauh @KPU_ID #Pemilu2019 #Pilpres2019 #Netralnews;25/04/19 02.24;1,12124E+18;NETRALNEWS;netralnews;valid
Sebut Dicurangi Secara Brutal, BPN Serukan Siapkan Mental dan Fisik untuk Lawan #PrabowoSandi #Pemilu2019 #Pilpres2019 #Netralnews;25/04/19 02.21;1,12124E+18;NETRALNEWS;netralnews;valid
Alhamdulillah hasil hitung cepat perhari ini dari litbang @kompascom sudah 100 persen. Mari bersama kita tunggu hasil dari KPU. #HitungCepat #Pemilu2019 #Pilpres2019 #JokowiAmin #KPU;25/04/19 02.20;1,12124E+18;Asyanti Rozana Thalib;asyantirozana;valid
Honor Rp 550 Ribu dan Tugas Berat KPPS Kawal Pemilu â€• #Pemilu2019 #119FatalityKetuaKPUMundur #PejuangPenjagaSuara02;25/04/19 02.20;1,12124E+18;NUSANEWS.ID;nusanewsid;valid
Innalillahi wainnailaihi rojiun...turut berdukacita... #pemiluserentak2019 #Pemilu2019 ;25/04/19 02.20;1,12124E+18;Pai_joe;den_kacrut2012;valid
 Suhu Politik Masih Memanas, ISMAHI Desak KPU Dan Bawaslu Lebih Profesional Selengkapnya #Bawaslu #KPU #Indonesiaku #Ciayumajakuning #rmol #Pemilu2019 #Pilpres2019;25/04/19 02.18;1,12124E+18;RMOL Jabar Biro Ciayumajakuning;RmolBiro;valid
Bagaimana Mungkin Rakyat Percaya Kalian? â€• #Pemilu2019 #119FatalityKetuaKPUMundur #PejuangPenjagaSuara02;25/04/19 02.16;1,12124E+18;NUSANEWS.ID;nusanewsid;valid
Dahsyatnya Mengembangkan Diri dan Orang Lain bersama PT. Saptaindra Sejati di Jakarta - ALC #Indonesia #Jakarta #Motivatorwanita #Pemilu2019 #Pemiluserentak;25/04/19 02.13;1,12124E+18;Siti susiyati;SusiyatiSiti;valid
Pemprov Klarifikasi Pernyataan Gubernur Sumbar soal Anak Tiri â€• #Pemilu2019 #119FatalityKetuaKPUMundur #PejuangPenjagaSuara02;25/04/19 02.13;1,12124E+18;NUSANEWS.ID;nusanewsid;valid
Bawaslu Dukung Wacana Tim Pencari Fakta Kecurangan Pemilu Direalisasikan #Pemilu2019 #Pilpres2019 @Bawaslu_RI @Dahnilanzar @PriyoBudiS @sy_haris @satriohendri @mohmahfudmd @titianggraini @66Hasto @ridlwandjogja;25/04/19 02.12;1,12124E+18;Prijanto Rabbani;RabbaniIdeas;valid
Lieus Sungkharisma: Jokowi Harusnya Tak Bungkam terhadap Dugaan Kecurangan Pemilu â€• #Pemilu2019 #119FatalityKetuaKPUMundur #PejuangPenjagaSuara02;25/04/19 02.10;1,12124E+18;NUSANEWS.ID;nusanewsid;valid
Disaat banyak tuduhan curang utk @KPU_ID & @bawaslu_RI, mereka tdk sadar bahwa banyak yg sudah berapa hari tdk tidur, lupa makan, sakit, mengorbankan keluarga dan pekerjaan dan mengorbankan diri mereka utk pesta demokrasi ini. Hargailah kami! #SaveKPU #SaveBawaslu #Pemilu2019;25/04/19 02.07;1,12123E+18;Rival Luly;RivalLuly;valid
Dukung Jokowi-Maruf Amin, Relawan di AS Kirim Bunga #pemilu2019 #pilpres2019 #jokowimarufamin #relawanjokowi #amerikaserikat;25/04/19 02.04;1,12123E+18;Sarah Amarta;sarahamarta;valid
Meriyang memang.. #PemiluAmanBersamaTNIPolri #Pemilu2019 #pestademokrasi;25/04/19 02.04;1,12123E+18;Fatr_02;febriari_atr;valid
#pemilu2019 ;25/04/19 02.04;1,12123E+18;Hadiri Abdurrazaq;hadiri_ar;valid
Pemilu Tak Jurdil, Adhie: Demokrasi di Indonesia Jauh dari Harapan Masyarakat â€• #Pemilu2019 #119FatalityKetuaKPUMundur #PejuangPenjagaSuara02;25/04/19 02.02;1,12123E+18;NUSANEWS.ID;nusanewsid;valid
Pemilu 2019 Makan Korban, Fadli Zon: Jangan Lupa, Desainnya dari Pemerintah â€• #Pemilu2019 #119FatalityKetuaKPUMundur #PejuangPenjagaSuara02;25/04/19 02.01;1,12123E+18;NUSANEWS.ID;nusanewsid;valid
Zulkifli Hasan dan Surya Paloh Berdebat di Istana â€• #Pemilu2019 #119FatalityKetuaKPUMundur #PejuangPenjagaSuara02;25/04/19 02.01;1,12123E+18;NUSANEWS.ID;nusanewsid;valid
Perbedaan yg lumrah. #Pemilu2019 #Pilpres2019;25/04/19 02.01;1,12123E+18;Forum Lingkar Muslim;flingkarmuslim;valid
Romi Dibantarkan KPK, Tahanan Lain Cemburu â€• #Pemilu2019 #119FatalityKetuaKPUMundur #PejuangPenjagaSuara02;25/04/19 02.01;1,12123E+18;NUSANEWS.ID;nusanewsid;valid
Menipu Pilpres 2019 dengan Software Lama â€• #Pemilu2019 #119FatalityKetuaKPUMundur #PejuangPenjagaSuara02;25/04/19 02.01;1,12123E+18;NUSANEWS.ID;nusanewsid;valid
Data ini kami peroleh langsung dari para relawan #AmerikaBerSATU dan kami cocokan langsung dengan hasil yg diposting di website tiap PPLN. Pasangan 01: 17,794 (84%) Pasangan 02: 2,611 (12%) Tidak sah:. 792 (4%) #Pemilu2019 ;25/04/19 02.00;1,12123E+18;Amerika Bersatu;AmerikaBersatu;valid
Ketua BPN Prabowo-Sandi: Kalau Kalah, Itu Pasti Direkayasa â€• #Pemilu2019 #119FatalityKetuaKPUMundur #PejuangPenjagaSuara02;25/04/19 02.00;1,12123E+18;NUSANEWS.ID;nusanewsid;valid
At @PemberitaanPWT dialog bersama Bawaslu Banyumas n Purbalingga #Pemilu2019 ;25/04/19 02.00;1,12123E+18;Manunggal K. Wardaya;MKWardaya;valid
Sepatunya dirusak oleh teman-temannya, ungkapan bocah ini bikin netizen terenyuh, video selengkapnya di #Pemilu2019 ;25/04/19 02.00;1,12123E+18;meTube.ID;MeTubeID;valid
(Okezone | Prihatin Banyak Petugas KPPS Meninggal, Fahri Hamzah: Akibat Adanya ...) #pemilu #pemilu2019;25/04/19 01.59;1,12123E+18;PEMILU 2019;pemilu_org;valid
Wedakarna Tembus 667.800 Suara Pastika-Gde Agung-Ngurah Ambara â€˜Menangiâ€™ Kursi DPD RI Dapil Bali #Wedakarna #berita #nusabali #Pileg2019 #Pemilu2019 #CalegBali;25/04/19 01.56;1,12123E+18;NusaBali.com;nusabalicom;valid
YM @KPU_ID YM @bawaslu_RI YM @DivHumas_Polri YM @Puspen_TNI YM @DPR_RI YM @mprgoid Mhn Izin saya panggil YM:Yg Mulia. Tlah ada korban jiwa para pengawal Kedaulatan Suara Rakyat #Pemilu2019 Mhn muliakan para pahlawan demokrasi,jgn Khianati Rakyat. Jaga Amanat Rakyat #pemiluJURDIL;25/04/19 01.56;1,12123E+18;R. Agus Nurdin Â _Ÿ‘†Â âœŒ;gusnur21;valid
(DETIKCOM | 144 Petugas KPPS Meninggal, Komisi II Bakal Evaluasi Pemilu Serentak) #pemilu #pemilu2019;25/04/19 01.56;1,12123E+18;PEMILU 2019;pemilu_org;valid
Kira2 kubu sebelah utus seseorang bertemu utk alasan rekonsiliasi itu buat apa ya?? Tunggu aja hasil hitung RQ KPU 100% knp sih?? Gak usah pakai panik deh... @jokowi @prabowo @sandiuno #Pilpres2019 #SaveOurDemocracy #Pemilu2019 #KPUTransparan;25/04/19 01.55;1,12123E+18;Ahmad SahalÙ‹;sahaladlil;valid
#JanganCurangiSuaraRakyat #PejuangPenjagaSuara02 #Pemilu2019 ;25/04/19 01.54;1,12123E+18;Donny Indrayitno;donnyindrayitno;valid
Kakak-Adik Lolos ke Kursi Legislatif #CalegBali #berita #nusabali #Pileg2019 #Pemilu2019 #GusBota;25/04/19 01.53;1,12123E+18;NusaBali.com;nusabalicom;valid
(Berita | Situasi Usai Pemilu Biasa Saja, Cuma Ramai di Medsos) #pemilu #pemilu2019;25/04/19 01.53;1,12123E+18;PEMILU 2019;pemilu_org;valid
(Liputan 6 | Polisi: Seluruh Pembacok Aggota FBR Akan Dikejar Sampai Dapat) #pemilu #pemilu2019;25/04/19 01.52;1,12123E+18;PEMILU 2019;pemilu_org;valid
Demokrat Curi Satu Kursi DPR Dapil Bali #Demokrat #berita #nusabali #Pileg2019 #Pemilu2019;25/04/19 01.52;1,12123E+18;NusaBali.com;nusabalicom;valid
Bawaslu Bali Pelototi Pergeseran Suara Caleg #berita #nusabali #Pileg2019 #Bawaslu #KPUBali #CalegBali #Pemilu2019;25/04/19 01.51;1,12123E+18;NusaBali.com;nusabalicom;valid
Saya gak percaya perhitungan Real Count KPU.. terindikasi byk kecurangan lebih baik adakan Pilpres Ulang. Rakyat byk yg Setuju @KPU_ID @bawaslu_RI #Pemilu2019 #Pilpres2019 #PilpresUlang;25/04/19 01.51;1,12123E+18;Bayu Prabowo;bayuwayne;valid
Saya gak percaya perhitungan Real Count KPU.. terindikasi byk kecurangan lebih baik adakan Pilpres Ulang. Rakyat byk yg Setuju @KPU_ID @bawaslu_RI #Pemilu2019 #Pilpres2019 #PilpresUlang;25/04/19 01.50;1,12123E+18;Bayu Prabowo;bayuwayne;valid
#pemilu2019 #politik #JokowiLagi #01IndonesiaMaju #JokowiOrangnyaBaik #KPUSelaluTransparan;25/04/19 01.50;1,12123E+18;Putra Haryanto;PutraHaryanto11;valid
#pemilu2019 #politik #JokowiLagi #01IndonesiaMaju #JokowiOrangnyaBaik #KPUSelaluTransparan;25/04/19 01.49;1,12123E+18;Tameng Indonesia;TamengI;valid
#pemilu2019 #politik #JokowiLagi #01IndonesiaMaju #JokowiOrangnyaBaik #KPUSelaluTransparan;25/04/19 01.49;1,12123E+18;Yusuf Alghazali;yusufalghazali7;valid
#pemilu2019 #politik #JokowiLagi #01IndonesiaMaju #JokowiOrangnyaBaik #KPUSelaluTransparan;25/04/19 01.49;1,12123E+18;Indonesia Hatiku;Indonesiahatuku;valid
Saya salah satu rakyat Indonesia menyatakan #tolakrekonsiliasi karena berdampak menghapus dugaan 1200 kecurangan #KpuJanganCurang #Pemilu2019 #INAelectionObserversSOS #2019GantiPresiden #tolakpemiluulang2019 #tolakdemonstrasi;25/04/19 01.49;1,12123E+18;Pulsa & PPOB;MorizServer;valid
#pemilu2019 #politik #JokowiLagi #01IndonesiaMaju #JokowiOrangnyaBaik #KPUSelaluTransparan;25/04/19 01.49;1,12123E+18;Anggita Indonesia;Anggita09738396;valid
Hari gini masih ngomongin politik?? Haduh Avengers End Game dong #AvangersEndgame #Pemilu2019;25/04/19 01.47;1,12123E+18;ILHAM GEDE;ilhamsaps;valid
Indonesia itu milik bersama, bukan cuma milik suatu kelompok atau etnis tertentu. #Pemilu2019 #KPU #Jokowi #StopProvokasi #Indonesia #StopHoax #PemiluDamai2019 #IndonesiaDamai;25/04/19 01.46;1,12123E+18;sucil;sucil91919722;valid
PESAN MULIA PETUGAS KPPS SEBELUM MENINGGAL Harus teliti, ini kan urusan negara. Ini urusan nasib rakyat ke depan, #TauCepatTanpaBatas #Pemilu2019 ;25/04/19 01.45;1,12123E+18;konsultasi kesehatan;traditionaldoct;valid
(DETIKCOM | Pada Momen yang Tepat Jokowi-Prabowo Akan Bertemu) #pemilu #pemilu2019;25/04/19 01.45;1,12123E+18;PEMILU 2019;pemilu_org;valid
KPU: Mikir kalau mau bilang curang #Pemilu2019;25/04/19 01.45;1,12123E+18;KONTAN NEWS;KontanNews;valid
Berbeda-Beda Tapi Tetap Satu Jua. Kita adalah Saudara, Dari Rahim Ibu Pertiwi #Pemilu2019 #KPU #Jokowi #StopProvokasi #Indonesia #StopHoax #PemiluDamai2019 #IndonesiaDamai;25/04/19 01.45;1,12123E+18;Ratudisa;Ratu98362413;valid
Melihat kecurangan demikian masif, sistematis dan terstruktur Melibatkan aparat juga ASN Dan melihat reaksi rakyat atas kecurangan tersebut Sebelum terlambat, sebaiknya @Bawaslu_RI membuat pernyataan resmi bahwa #Pemilu2019 adalah pemilu yang penuh kecurangan! #iDeasRabbani;25/04/19 01.44;1,12123E+18;Prijanto Rabbani;RabbaniIdeas;valid
(Berita | Petugas KPPS Gugur dalam Bertugas, Barisan Nasionalis: Terima Kasih Pahlawan ...) #pemilu #pemilu2019;25/04/19 01.42;1,12123E+18;PEMILU 2019;pemilu_org;valid
(CNN Indonesia | 11 Petugas Pemilu Sumsel Tewas, Gubernur Buka Pos Kesehatan) #pemilu #pemilu2019;25/04/19 01.40;1,12123E+18;PEMILU 2019;pemilu_org;valid
Proses Penilaian Kinerja Karyawan â€“ Performance Appraisal | PT. Manajemen Kinerja Utama #Indonesia #Jakarta #Pemilu2019;25/04/19 01.37;1,12123E+18;Siti susiyati;SusiyatiSiti;valid
(Okezone | Soal Pertemuan Prabowo-Jokowi, BPN: Tunggu Momentum yang Tepat : Okezone News) #pemilu #pemilu2019;25/04/19 01.36;1,12123E+18;PEMILU 2019;pemilu_org;valid
Nembe 32% hasil #realcount #KPU #Pilpres #Pemilu2019 ;25/04/19 01.36;1,12123E+18;Agus Supriatna;aguskrw1;valid
Antisipasi penanganan perkara2 yg menarik perhatian masyarakat pasca #Pemilu2019, JAM Was, M. Yusni selaku Plt. JAM Pidum gelar video conference (vicon) dg jajaran bidang tindak pidana umum #Kejati se-Indonesia. #vicon #Pidum #pemilu #jaksakawalpemilu #KejaksaanRI;25/04/19 01.33;1,12123E+18;Kejaksaan RI;KejaksaanRI;valid
Peta Indonesia hasil #Pemilu2019 ini menarik untuk diamati. ;25/04/19 01.30;1,12123E+18;_ù—”_ù—¿_ù—¶_ù˜†_ù—®_ù—±_ù—¶ _ù—__ù—®_ù—¿_ù˜Å_ù—__ù˜€_ù—__ù˜Å_ù—__ù—º_ù—_;Ariyadi;valid
(Liputan 6 | Kisah Haru, Ketua KPPS di Jakarta Meninggal Usai Pegangi Kotak Suara) #pemilu #pemilu2019;25/04/19 01.30;1,12122E+18;PEMILU 2019;pemilu_org;valid
Masih mau bilang fitnah? #IndonesiaFraudElection #BPNKawalSuaraKami #Indonesia #119FatalityKetuaKPUMundur #Pemilu2019 ;25/04/19 01.29;1,12122E+18;Muhamad Fajri;faj_muhamad;valid
(Okezone | Evaluasi Pemilu Serentak, Pilpres Disarankan Digelar Lebih Dulu dari Pileg : ...) #pemilu #pemilu2019;25/04/19 01.28;1,12122E+18;PEMILU 2019;pemilu_org;valid
#PresidenJokowi Memberikan Instruksi Kepada #TNI, #Polri dan #BIN Untuk Menjaga Keamanan Pasca #Pemilu2019. #jagapersatuanindonesia #pemiluamandamaisejuk;25/04/19 01.22;1,12122E+18;Elvaretta;Ellvaretaa;valid
(Liputan 6 | Bawaslu: Tak Gelar Pencoblosan Lanjutan di Sydney, Ada Ancaman Pidana bagi KPU) #pemilu #pemilu2019;25/04/19 01.21;1,12122E+18;PEMILU 2019;pemilu_org;valid
Penambahan pasukan #Brimob ke #Jakarta untuk memberikan rasa aman dan tentram kepada masyarakat pasca #Pemilu2019. #infodkijakarta #infopemilu2019 #pemilu2019sukses;25/04/19 01.19;1,12122E+18;Elvaretta;Ellvaretaa;valid
Kamfret Kamfreters Ngancam PERSEKUSI niyeeeeeeeeeeeeeeeeee @DivHumas_Polri #Pilpres2019 #Pemilu2019;25/04/19 01.18;1,12122E+18;Rhoma Ihrama;RhomaIhrama;valid
(CNN Indonesia | Kita Kawal Perolehan Suara, Jangan Sampai Berubah) #pemilu #pemilu2019;25/04/19 01.17;1,12122E+18;PEMILU 2019;pemilu_org;valid
Data Real Count KPU Masuk 32 Persen: Jokowi 55%, Prabowo 44% #Pemilu2019;25/04/19 01.17;1,12122E+18;VIVAcoid;VIVAcoid;valid
Bersemangat Jadi Anggota KPPS, Perempuan di Blora Ini Keguguran #kpps #pemilu2019 #blora #keguguran;25/04/19 01.16;1,12122E+18;Daniel Attila;danielAprasaja;valid
Kemenko Perekonomian Sebut Investor Asing Nantikan Hasil Pemilu #pemilu2019 #investasi;25/04/19 01.16;1,12122E+18;Friska Handayani;friska_meow;valid
(Okezone | BPN Sebut LSM Pemilu Tutup Mata, Pengamat: Jangan Tuding Mereka Macam-Macam ...) #pemilu #pemilu2019;25/04/19 01.16;1,12122E+18;PEMILU 2019;pemilu_org;valid
Di alam DemoCRAZY kita susah bedakan siapa sebenarnya yg waras dan siapa yg gila sesungguhnya #Pemilu2019 #JanganCurangiSuaraRakyat;25/04/19 01.15;1,12122E+18;Wedang Uwuh;WedangUwuh3;valid
Cerita pagi: Masyarakat di sekitarku selalu membicarakan tentng kecurangan ,mereka memendam kekecewaan juga kesal, tp cuma bisa melihat dg kekecewaan apalagi dikit2 bakal di ancam laporkan dan bisa di jail. #119FatalityKetuaKPUMundur #JanganCurangiSuaraRakyat #Pemilu2019;25/04/19 01.15;1,12122E+18;Kariozz;Kariozz1;valid
BPN Sebut LSM Pemilu Tutup Mata, Pengamat: Jangan Tuding Mereka Macam-Macam #TauCepatTanpaBatas #Pemilu2019 #GueGakGolput.;25/04/19 01.15;1,12122E+18;Okezone;okezonenews;valid
Begitulah! Kadang, setelah memutuskan menetapkan pilihan, satu per satu kebohongan bermunculan. We need to talk! ~ #pemilu2019;25/04/19 01.13;1,12122E+18;Weny;wenymukaddas;valid
#JanganCurangiSuaraRakyat #Pemilu2019 ;25/04/19 01.13;1,12122E+18;Gudang Sandal Bandung;sandal_boneka;valid
Turut berbelasungkawa yg sedalam dalamnya & yg sakit semoga segera pulih KPU jelas harus berevaluasi. 5 surat suara sekaligus bagi pemilih pun membingungkan, jelas bagi petugas sangat melelahkan. Semoga hasil rekapitulasi dijauhkan dari segala kecurangan #Pemilu2019 ;25/04/19 01.10;1,12122E+18;Nita;Nitalusianii;valid
(Liputan 6 | Polri: Kondisi Jakarta Aman Terkendali Pasca-Pemilu 2019) #pemilu #pemilu2019;25/04/19 01.08;1,12122E+18;PEMILU 2019;pemilu_org;valid
@mohmahfudmd sebutkan 101 kesalahan Entry pemilu dari 241.366 TPS. @KPU_ID #iNews #iNewsSore #MahfudMD #Pemilu2019 #Pileg2019 #KPU;25/04/19 01.06;1,12122E+18;iNews;OfficialiNewsTV;valid
Rutinitas dipagi hari di temani dengan sinar mentari yang menghangatkan suasana ketegangan di tengah hiruk pikuknya #Pemilu2019 #hkmebi #tolmebi #hutamakarya;25/04/19 01.04;1,12122E+18;taufik hidayat;taufiktiijee;valid
(DETIKCOM | Pilpres Penuh Klaim Kemenangan Bikin Tim Hore Gangguan Kejiwaan) #pemilu #pemilu2019;25/04/19 01.03;1,12122E+18;PEMILU 2019;pemilu_org;valid
Evaluasi Pemilu Serentak, Pilpres Disarankan Digelar Lebih Dulu dari Pileg #TauCepatTanpaBatas #Pemilu2019 #GueGakGolput.;25/04/19 01.02;1,12122E+18;Okezone;okezonenews;valid
(CNN Indonesia | MK Akui Aturan Pemilu Serentak Tak Mustahil Berubah) #pemilu #pemilu2019;25/04/19 01.01;1,12122E+18;PEMILU 2019;pemilu_org;valid
(Berita | Presidential Threshold Dinilai Merusak Sistem Pemilu Serentak) #pemilu #pemilu2019;25/04/19 01.00;1,12122E+18;PEMILU 2019;pemilu_org;valid
Farhat: Gaya Khas Prabowo Dari Dulu Klaim Menang, Joget, Sujud Syukur dan Kalah #Pemilu2019 #Pilpres2019 #Netralnews;25/04/19 01.00;1,12122E+18;NETRALNEWS;netralnews;valid
Syahganda Buka-bukaan Propaganda Hasil Survei Denny JA Di Depan Bawaslu #Pemilu2019 #Pilpres2019 @Bawaslu_RI @DennyJA_WORLD;25/04/19 00.59;1,12122E+18;Prijanto Rabbani;RabbaniIdeas;valid
Bijaklah Dalam Menggunakan Gadgetmu Ya Sobat Polri #pileg2019 #pilpres2019 #pemilu2019 #pemiluamandamaidansejuk;25/04/19 00.59;1,12122E+18;Humas Polres Pekalongan Kota;HumasResPklTa;valid
Janagan Sampai Gadgetmu Menjerumuskanmu. STOP HOAX DI MEDSOS! #pileg2019 #pilpres2019 #pemilu2019 #pemiluamandamaidansejuk;25/04/19 00.58;1,12122E+18;Humas Polres Pekalongan Kota;HumasResPklTa;valid
Tertawa itu sehat... #Pemilu2019 #JanganCurangiSuaraRakyat;25/04/19 00.57;1,12122E+18;Ben ben yk;Benjamin_van_yk;valid
Bawaslu Dukung Pembentukan TPF Kecurangan, Tapi Enggan Gabung #Pemilu2019 #Pilpres2019 @Bawaslu_RI;25/04/19 00.54;1,12122E+18;Prijanto Rabbani;RabbaniIdeas;valid
Pemilu mengingatkan kita tidak hanya tentang hak tetapi tanggung jawab kewarganegaraan dalam demokrasi. #17april2019 #pemilu2019 #pemiluterumitseduniaâ€_ ;25/04/19 00.48;1,12121E+18;OzieKeane;_ozieajja;valid
Ntah kpn selesai perdebatan siapa yg menang ini #Pemilu2019;25/04/19 00.48;1,12121E+18;MaZhaSha;MaZhaSha1;valid
BPN: Kalau Tidak Dicurangi, Prabowo-Sandi Bisa Dapat 80 Persen Suara #PrabowoSandi #Pemilu2019 #pilpres2019 #Netralmews;25/04/19 00.48;1,12121E+18;NETRALNEWS;netralnews;valid
Apresiasi Semangat Relawan Kawal Suara, Prabowo: Kita Jangan Lengah #pilpres2019 #pemilu2019 #prabowosandiaga #penghitungansuara #kecuranganpemilu;25/04/19 00.46;1,12121E+18;Kanti Kirana;kanti_kirana;valid
Mau sistemnya kayak apapun kalo maunya harus menang;;;;;valid
â€¢ Dukung KPU untuk menyelesaikan tugas dan kewajibannya. Kita percaya KPU bisa! â€¢ â€¢ #Pemilu2019 #BersatuUsaiPemilu #PemiluDamai @Jakarta, Indonesia ;25/04/19 00.44;1,12121E+18;a.n. Fahru_____;FahruRawhaf;valid
Pilpres 2019, Aman dan Damai Jangan Mudah Terprovokasi . . #PoldaPapua #thebestPol #PolriPromoter #PolriJaya #PolriHumanis #divisihumaspolri #biromultimedia #Pemilu2019 #PemiluDamai #Pemiluamansejuk;25/04/19 00.43;1,12121E+18;Polda Papua;HmsPoldaPapua;valid
#119FatalityKetuaKPUMundur #BentukTPFkecuranganPilpres #AuditForensikKPU #Pemilu2019 Pemilu serentak dibagi menjadi 2 tahap. Pemilu Nasional: pemilihan Presiden, DPR RI & DPD RI Pemilu Daerah: pemilihan Kepala Daerah, DPRD provinsi & DPRD kabupaten/kota ;25/04/19 00.34;1,12121E+18;The Saint;Signature_Q;valid
#Pemilu2019 #RealCountKPU TERBARU Hasil Real Count KPU Pilpres 2019 Jokowi vs Prabowo Hari Ini Kamis 25 April Pukul 04.00 WIB via @tribunnews;25/04/19 00.34;1,12121E+18;TRIBUNnews.com;tribunnews;valid
Kamis pagi ini (25/4) sedang berlangsung Pemungutan suara Ulang (PSU) di TPS 05 Lingkungan Wirasatya kelurahan Dauh Puri Denpasar Barat. #infobali #pemilu2019 #pemungutansuaraulangâ€_ ;25/04/19 00.33;1,12121E+18;punapibali;punapibali;valid
Senyum pagi ini.. kotak suara disegel pakai gembok dibuka pakai gunting #Pemilu2019 #RakyatButuhDamai #rakyatbergerak #2019GantiPresiden #KawalPemiluJagaSuara2019 #KawalKotakSuara;25/04/19 00.30;1,12121E+18;desi hardianty;hardianty_desi;valid
Datangi KPU, Mahfud MD: Kekeliruan Hanya 0,0004 Persen #Pemilu2019 ;25/04/19 00.22;1,12121E+18;Indonesia Berdaulat;BerdaulatRI;valid
 #SaveBawaslu #Pemilu2019 #IndonesiaMaju;25/04/19 00.13;1,12121E+18;Logan Tange;LoganTange;valid
 #SaveBawaslu #Pemilu2019 #IndonesiaMaju;25/04/19 00.13;1,12121E+18;Syifatul Ulaima;SyifatulU;valid
 #SaveBawaslu #Pemilu2019 #IndonesiaMaju;25/04/19 00.13;1,12121E+18;Chacha SellaluSenang;sellalusenang;valid
 #SaveBawaslu #Pemilu2019 #IndonesiaMaju;25/04/19 00.13;1,12121E+18;Nico Faridh;FaridhNico;valid
 #SaveBawaslu #Pemilu2019 #IndonesiaMaju;25/04/19 00.13;1,12121E+18;Keysha Grafani;KGrafani;valid
PERINGATAN: PEMILU MEMBUNUHMU... Cr: @jawapos #jawapos #clekit #pemilu2019 @Mojokerto ;25/04/19 00.12;1,12121E+18;Ilham Agastifa (Asli);IAgastifa_TWT;valid
 #SaveBawaslu #Pemilu2019 #IndonesiaMaju;25/04/19 00.12;1,12121E+18;Sheila Mastauri;mastauri;valid
 #SaveBawaslu #Pemilu2019 #IndonesiaMaju;25/04/19 00.12;1,12121E+18;Sari Trisnawati;SariTrisnawati8;valid
 #SaveBawaslu #Pemilu2019 #IndonesiaMaju;25/04/19 00.12;1,12121E+18;Mulyani Rahim;MulyaniRahim;valid
 #SaveBawaslu #Pemilu2019 #IndonesiaMaju;25/04/19 00.12;1,12121E+18;CherrySinner;SinnerCherry;valid
 #SaveBawaslu #Pemilu2019 #IndonesiaMaju;25/04/19 00.12;1,12121E+18;Gerry Beurkeulana;beurkeulana;valid
#PenjarakanKomisionerKPU #PejuangPenjagaSuara02 #Pemilu2019 #KpuJanganCurang #KPUJanganSalahInputData #KPUterburuk;25/04/19 00.09;1,1212E+18;budi darmawan;dhiemilanisti;valid
Siapapun yang jadi presiden kita cari makan sendiri. Terus politik berucap kalo bukan presidennya gua, gua nggak makan. Mungkin itu unsur fanatik. #Pemilu2019;25/04/19 00.08;1,1212E+18;Mas Kopi;jaler37;valid
Bawaslu Dukung Wacana Tim Pencari Fakta Kecurangan Pemilu Direalisasikan â€• #Pemilu2019 #119FatalityKetuaKPUMundur #PejuangPenjagaSuara02;25/04/19 00.08;1,1212E+18;NUSANEWS.ID;nusanewsid;valid
Sudah 140an yg meninggal, ratusan yg dirawat. Ini pemilu atau bencana??? #Pemilu2019;25/04/19 00.08;1,1212E+18;Ammar;dayat_thulank;valid
Kompak Dengan Bosnya, Staf Menteri Lukman Juga Mangkir Dari Panggilan KPK â€• #Pemilu2019 #119FatalityKetuaKPUMundur #PejuangPenjagaSuara02;25/04/19 00.06;1,1212E+18;NUSANEWS.ID;nusanewsid;valid
Mewaspadai Penggelembungan dan Pemotongan Suara di SITUNG KPU â€• #Pemilu2019 #119FatalityKetuaKPUMundur #PejuangPenjagaSuara02;25/04/19 00.06;1,1212E+18;NUSANEWS.ID;nusanewsid;valid
Setidaknya di twitter hari ini lebih banyak #AvengerEndgame dari pada #pemilu2019 Sedikit seneng dah;25/04/19 00.02;1,1212E+18;Husni Ichsan;ican_59;valid
(Liputan 6 | Real Count KPU Pagi Ini 32,16 Persen: Siapa Unggul Jokowi Vs Prabowo?) #pemilu #pemilu2019;25/04/19 00.00;1,1212E+18;PEMILU 2019;pemilu_org;valid
Pengelola: Aneh Sekali, Prosedural Bawaslu Minta Blokir Situs Jurdil2019. Org â€• #Pemilu2019 #119FatalityKetuaKPUMundur #PejuangPenjagaSuara02;25/04/19 00.00;1,1212E+18;NUSANEWS.ID;nusanewsid;valid
Realita caleg pasca pileg: berutang hingga sakit jiwa. baca selengkapnya: #Pileg2019 #Pilpres2019 #Pemilu2019;25/04/19 00.00;1,1212E+18;Mata Mata Politik;MataMataPolitik;valid
Faisal Basri: Rini Soemarno Pantas Dipecat Sebelum Oktober â€• #Pemilu2019 #119FatalityKetuaKPUMundur #PejuangPenjagaSuara02;24/04/19 23.59;1,1212E+18;NUSANEWS.ID;nusanewsid;valid
#pemilu2019 ;24/04/19 23.58;1,1212E+18;wiedhodho;wiedhodho;valid
Pencet bel, dibukain pintu, cipika cipiki langsung Ifah nyoblos gak disana ? Nyoblos dong, nih masi ada sisa tintanya (sambil ngasi tunjuk jari kelingking) diurus sama kampus A5 nya jadi pindah TPS ke Sumedang Oma. #firstquestion #pemilu2019 #ngobrolbarengOma;24/04/19 23.53;1,1212E+18;Siti Nurcholifah;snurcholifah25;valid
(Liputan 6 | Mahfud Md: Pancasila Selalu Menang, Rakyat Tak Ingin Beralih Ideologi) #pemilu #pemilu2019;24/04/19 23.49;1,1212E+18;PEMILU 2019;pemilu_org;valid